id,name,type_1_id,type_2_id,hp,atk,def,sp_atk,sp_def,spd
1,bulbasaur,12,4,45,49,49,65,65,45
2,ivysaur,12,4,60,62,63,80,80,60
3,venusaur,12,4,80,82,83,100,100,80
4,charmander,10,,39,52,43,60,50,65
5,charmeleon,10,,58,64,58,80,65,80
6,charizard,10,3,78,84,78,109,85,100
7,squirtle,11,,44,48,65,50,64,43
8,wartortle,11,,59,63,80,65,80,58
9,blastoise,11,,79,83,100,85,105,78
10,caterpie,7,,45,30,35,20,20,45
11,metapod,7,,50,20,55,25,25,30
12,butterfree,7,3,60,45,50,90,80,70
13,weedle,7,4,40,35,30,20,20,50
14,kakuna,7,4,45,25,50,25,25,35
15,beedrill,7,4,65,90,40,45,80,75
16,pidgey,1,3,40,45,40,35,35,56
17,pidgeotto,1,3,63,60,55,50,50,71
18,pidgeot,1,3,83,80,75,70,70,101
19,rattata,1,,30,56,35,25,35,72
20,raticate,1,,55,81,60,50,70,97
21,spearow,1,3,40,60,30,31,31,70
22,fearow,1,3,65,90,65,61,61,100
23,ekans,4,,35,60,44,40,54,55
24,arbok,4,,60,95,69,65,79,80
25,pikachu,13,,35,55,40,50,50,90
26,raichu,13,,60,90,55,90,80,110
27,sandshrew,5,,50,75,85,20,30,40
28,sandslash,5,,75,100,110,45,55,65
29,nidoran-f,4,,55,47,52,40,40,41
30,nidorina,4,,70,62,67,55,55,56
31,nidoqueen,4,5,90,92,87,75,85,76
32,nidoran-m,4,,46,57,40,40,40,50
33,nidorino,4,,61,72,57,55,55,65
34,nidoking,4,5,81,102,77,85,75,85
35,clefairy,18,,70,45,48,60,65,35
36,clefable,18,,95,70,73,95,90,60
37,vulpix,10,,38,41,40,50,65,65
38,ninetales,10,,73,76,75,81,100,100
39,jigglypuff,1,18,115,45,20,45,25,20
40,wigglytuff,1,18,140,70,45,85,50,45
41,zubat,4,3,40,45,35,30,40,55
42,golbat,4,3,75,80,70,65,75,90
43,oddish,12,4,45,50,55,75,65,30
44,gloom,12,4,60,65,70,85,75,40
45,vileplume,12,4,75,80,85,110,90,50
46,paras,7,12,35,70,55,45,55,25
47,parasect,7,12,60,95,80,60,80,30
48,venonat,7,4,60,55,50,40,55,45
49,venomoth,7,4,70,65,60,90,75,90
50,diglett,5,,10,55,25,35,45,95
51,dugtrio,5,,35,100,50,50,70,120
52,meowth,1,,40,45,35,40,40,90
53,persian,1,,65,70,60,65,65,115
54,psyduck,11,,50,52,48,65,50,55
55,golduck,11,,80,82,78,95,80,85
56,mankey,2,,40,80,35,35,45,70
57,primeape,2,,65,105,60,60,70,95
58,growlithe,10,,55,70,45,70,50,60
59,arcanine,10,,90,110,80,100,80,95
60,poliwag,11,,40,50,40,40,40,90
61,poliwhirl,11,,65,65,65,50,50,90
62,poliwrath,11,2,90,95,95,70,90,70
63,abra,14,,25,20,15,105,55,90
64,kadabra,14,,40,35,30,120,70,105
65,alakazam,14,,55,50,45,135,95,120
66,machop,2,,70,80,50,35,35,35
67,machoke,2,,80,100,70,50,60,45
68,machamp,2,,90,130,80,65,85,55
69,bellsprout,12,4,50,75,35,70,30,40
70,weepinbell,12,4,65,90,50,85,45,55
71,victreebel,12,4,80,105,65,100,70,70
72,tentacool,11,4,40,40,35,50,100,70
73,tentacruel,11,4,80,70,65,80,120,100
74,geodude,6,5,40,80,100,30,30,20
75,graveler,6,5,55,95,115,45,45,35
76,golem,6,5,80,120,130,55,65,45
77,ponyta,10,,50,85,55,65,65,90
78,rapidash,10,,65,100,70,80,80,105
79,slowpoke,11,14,90,65,65,40,40,15
80,slowbro,11,14,95,75,110,100,80,30
81,magnemite,13,9,25,35,70,95,55,45
82,magneton,13,9,50,60,95,120,70,70
83,farfetchd,1,3,52,90,55,58,62,60
84,doduo,1,3,35,85,45,35,35,75
85,dodrio,1,3,60,110,70,60,60,110
86,seel,11,,65,45,55,45,70,45
87,dewgong,11,15,90,70,80,70,95,70
88,grimer,4,,80,80,50,40,50,25
89,muk,4,,105,105,75,65,100,50
90,shellder,11,,30,65,100,45,25,40
91,cloyster,11,15,50,95,180,85,45,70
92,gastly,8,4,30,35,30,100,35,80
93,haunter,8,4,45,50,45,115,55,95
94,gengar,8,4,60,65,60,130,75,110
95,onix,6,5,35,45,160,30,45,70
96,drowzee,14,,60,48,45,43,90,42
97,hypno,14,,85,73,70,73,115,67
98,krabby,11,,30,105,90,25,25,50
99,kingler,11,,55,130,115,50,50,75
100,voltorb,13,,40,30,50,55,55,100
101,electrode,13,,60,50,70,80,80,150
102,exeggcute,12,14,60,40,80,60,45,40
103,exeggutor,12,14,95,95,85,125,75,55
104,cubone,5,,50,50,95,40,50,35
105,marowak,5,,60,80,110,50,80,45
106,hitmonlee,2,,50,120,53,35,110,87
107,hitmonchan,2,,50,105,79,35,110,76
108,lickitung,1,,90,55,75,60,75,30
109,koffing,4,,40,65,95,60,45,35
110,weezing,4,,65,90,120,85,70,60
111,rhyhorn,5,6,80,85,95,30,30,25
112,rhydon,5,6,105,130,120,45,45,40
113,chansey,1,,250,5,5,35,105,50
114,tangela,12,,65,55,115,100,40,60
115,kangaskhan,1,,105,95,80,40,80,90
116,horsea,11,,30,40,70,70,25,60
117,seadra,11,,55,65,95,95,45,85
118,goldeen,11,,45,67,60,35,50,63
119,seaking,11,,80,92,65,65,80,68
120,staryu,11,,30,45,55,70,55,85
121,starmie,11,14,60,75,85,100,85,115
122,mr-mime,14,18,40,45,65,100,120,90
123,scyther,7,3,70,110,80,55,80,105
124,jynx,15,14,65,50,35,115,95,95
125,electabuzz,13,,65,83,57,95,85,105
126,magmar,10,,65,95,57,100,85,93
127,pinsir,7,,65,125,100,55,70,85
128,tauros,1,,75,100,95,40,70,110
129,magikarp,11,,20,10,55,15,20,80
130,gyarados,11,3,95,125,79,60,100,81
131,lapras,11,15,130,85,80,85,95,60
132,ditto,1,,48,48,48,48,48,48
133,eevee,1,,55,55,50,45,65,55
134,vaporeon,11,,130,65,60,110,95,65
135,jolteon,13,,65,65,60,110,95,130
136,flareon,10,,65,130,60,95,110,65
137,porygon,1,,65,60,70,85,75,40
138,omanyte,6,11,35,40,100,90,55,35
139,omastar,6,11,70,60,125,115,70,55
140,kabuto,6,11,30,80,90,55,45,55
141,kabutops,6,11,60,115,105,65,70,80
142,aerodactyl,6,3,80,105,65,60,75,130
143,snorlax,1,,160,110,65,65,110,30
144,articuno,15,3,90,85,100,95,125,85
145,zapdos,13,3,90,90,85,125,90,100
146,moltres,10,3,90,100,90,125,85,90
147,dratini,16,,41,64,45,50,50,50
148,dragonair,16,,61,84,65,70,70,70
149,dragonite,16,3,91,134,95,100,100,80
150,mewtwo,14,,106,110,90,154,90,130
151,mew,14,,100,100,100,100,100,100
152,chikorita,12,,45,49,65,49,65,45
153,bayleef,12,,60,62,80,63,80,60
154,meganium,12,,80,82,100,83,100,80
155,cyndaquil,10,,39,52,43,60,50,65
156,quilava,10,,58,64,58,80,65,80
157,typhlosion,10,,78,84,78,109,85,100
158,totodile,11,,50,65,64,44,48,43
159,croconaw,11,,65,80,80,59,63,58
160,feraligatr,11,,85,105,100,79,83,78
161,sentret,1,,35,46,34,35,45,20
162,furret,1,,85,76,64,45,55,90
163,hoothoot,1,3,60,30,30,36,56,50
164,noctowl,1,3,100,50,50,86,96,70
165,ledyba,7,3,40,20,30,40,80,55
166,ledian,7,3,55,35,50,55,110,85
167,spinarak,7,4,40,60,40,40,40,30
168,ariados,7,4,70,90,70,60,70,40
169,crobat,4,3,85,90,80,70,80,130
170,chinchou,11,13,75,38,38,56,56,67
171,lanturn,11,13,125,58,58,76,76,67
172,pichu,13,,20,40,15,35,35,60
173,cleffa,18,,50,25,28,45,55,15
174,igglybuff,1,18,90,30,15,40,20,15
175,togepi,18,,35,20,65,40,65,20
176,togetic,18,3,55,40,85,80,105,40
177,natu,14,3,40,50,45,70,45,70
178,xatu,14,3,65,75,70,95,70,95
179,mareep,13,,55,40,40,65,45,35
180,flaaffy,13,,70,55,55,80,60,45
181,ampharos,13,,90,75,85,115,90,55
182,bellossom,12,,75,80,95,90,100,50
183,marill,11,18,70,20,50,20,50,40
184,azumarill,11,18,100,50,80,60,80,50
185,sudowoodo,6,,70,100,115,30,65,30
186,politoed,11,,90,75,75,90,100,70
187,hoppip,12,3,35,35,40,35,55,50
188,skiploom,12,3,55,45,50,45,65,80
189,jumpluff,12,3,75,55,70,55,95,110
190,aipom,1,,55,70,55,40,55,85
191,sunkern,12,,30,30,30,30,30,30
192,sunflora,12,,75,75,55,105,85,30
193,yanma,7,3,65,65,45,75,45,95
194,wooper,11,5,55,45,45,25,25,15
195,quagsire,11,5,95,85,85,65,65,35
196,espeon,14,,65,65,60,130,95,110
197,umbreon,17,,95,65,110,60,130,65
198,murkrow,17,3,60,85,42,85,42,91
199,slowking,11,14,95,75,80,100,110,30
200,misdreavus,8,,60,60,60,85,85,85
201,unown,14,,48,72,48,72,48,48
202,wobbuffet,14,,190,33,58,33,58,33
203,girafarig,1,14,70,80,65,90,65,85
204,pineco,7,,50,65,90,35,35,15
205,forretress,7,9,75,90,140,60,60,40
206,dunsparce,1,,100,70,70,65,65,45
207,gligar,5,3,65,75,105,35,65,85
208,steelix,9,5,75,85,200,55,65,30
209,snubbull,18,,60,80,50,40,40,30
210,granbull,18,,90,120,75,60,60,45
211,qwilfish,11,4,65,95,85,55,55,85
212,scizor,7,9,70,130,100,55,80,65
213,shuckle,7,6,20,10,230,10,230,5
214,heracross,7,2,80,125,75,40,95,85
215,sneasel,17,15,55,95,55,35,75,115
216,teddiursa,1,,60,80,50,50,50,40
217,ursaring,1,,90,130,75,75,75,55
218,slugma,10,,40,40,40,70,40,20
219,magcargo,10,6,60,50,120,90,80,30
220,swinub,15,5,50,50,40,30,30,50
221,piloswine,15,5,100,100,80,60,60,50
222,corsola,11,6,65,55,95,65,95,35
223,remoraid,11,,35,65,35,65,35,65
224,octillery,11,,75,105,75,105,75,45
225,delibird,15,3,45,55,45,65,45,75
226,mantine,11,3,85,40,70,80,140,70
227,skarmory,9,3,65,80,140,40,70,70
228,houndour,17,10,45,60,30,80,50,65
229,houndoom,17,10,75,90,50,110,80,95
230,kingdra,11,16,75,95,95,95,95,85
231,phanpy,5,,90,60,60,40,40,40
232,donphan,5,,90,120,120,60,60,50
233,porygon2,1,,85,80,90,105,95,60
234,stantler,1,,73,95,62,85,65,85
235,smeargle,1,,55,20,35,20,45,75
236,tyrogue,2,,35,35,35,35,35,35
237,hitmontop,2,,50,95,95,35,110,70
238,smoochum,15,14,45,30,15,85,65,65
239,elekid,13,,45,63,37,65,55,95
240,magby,10,,45,75,37,70,55,83
241,miltank,1,,95,80,105,40,70,100
242,blissey,1,,255,10,10,75,135,55
243,raikou,13,,90,85,75,115,100,115
244,entei,10,,115,115,85,90,75,100
245,suicune,11,,100,75,115,90,115,85
246,larvitar,6,5,50,64,50,45,50,41
247,pupitar,6,5,70,84,70,65,70,51
248,tyranitar,6,17,100,134,110,95,100,61
249,lugia,14,3,106,90,130,90,154,110
250,ho-oh,10,3,106,130,90,110,154,90
251,celebi,14,12,100,100,100,100,100,100
252,treecko,12,,40,45,35,65,55,70
253,grovyle,12,,50,65,45,85,65,95
254,sceptile,12,,70,85,65,105,85,120
255,torchic,10,,45,60,40,70,50,45
256,combusken,10,2,60,85,60,85,60,55
257,blaziken,10,2,80,120,70,110,70,80
258,mudkip,11,,50,70,50,50,50,40
259,marshtomp,11,5,70,85,70,60,70,50
260,swampert,11,5,100,110,90,85,90,60
261,poochyena,17,,35,55,35,30,30,35
262,mightyena,17,,70,90,70,60,60,70
263,zigzagoon,1,,38,30,41,30,41,60
264,linoone,1,,78,70,61,50,61,100
265,wurmple,7,,45,45,35,20,30,20
266,silcoon,7,,50,35,55,25,25,15
267,beautifly,7,3,60,70,50,100,50,65
268,cascoon,7,,50,35,55,25,25,15
269,dustox,7,4,60,50,70,50,90,65
270,lotad,11,12,40,30,30,40,50,30
271,lombre,11,12,60,50,50,60,70,50
272,ludicolo,11,12,80,70,70,90,100,70
273,seedot,12,,40,40,50,30,30,30
274,nuzleaf,12,17,70,70,40,60,40,60
275,shiftry,12,17,90,100,60,90,60,80
276,taillow,1,3,40,55,30,30,30,85
277,swellow,1,3,60,85,60,75,50,125
278,wingull,11,3,40,30,30,55,30,85
279,pelipper,11,3,60,50,100,95,70,65
280,ralts,14,18,28,25,25,45,35,40
281,kirlia,14,18,38,35,35,65,55,50
282,gardevoir,14,18,68,65,65,125,115,80
283,surskit,7,11,40,30,32,50,52,65
284,masquerain,7,3,70,60,62,100,82,80
285,shroomish,12,,60,40,60,40,60,35
286,breloom,12,2,60,130,80,60,60,70
287,slakoth,1,,60,60,60,35,35,30
288,vigoroth,1,,80,80,80,55,55,90
289,slaking,1,,150,160,100,95,65,100
290,nincada,7,5,31,45,90,30,30,40
291,ninjask,7,3,61,90,45,50,50,160
292,shedinja,7,8,1,90,45,30,30,40
293,whismur,1,,64,51,23,51,23,28
294,loudred,1,,84,71,43,71,43,48
295,exploud,1,,104,91,63,91,73,68
296,makuhita,2,,72,60,30,20,30,25
297,hariyama,2,,144,120,60,40,60,50
298,azurill,1,18,50,20,40,20,40,20
299,nosepass,6,,30,45,135,45,90,30
300,skitty,1,,50,45,45,35,35,50
301,delcatty,1,,70,65,65,55,55,90
302,sableye,17,8,50,75,75,65,65,50
303,mawile,9,18,50,85,85,55,55,50
304,aron,9,6,50,70,100,40,40,30
305,lairon,9,6,60,90,140,50,50,40
306,aggron,9,6,70,110,180,60,60,50
307,meditite,2,14,30,40,55,40,55,60
308,medicham,2,14,60,60,75,60,75,80
309,electrike,13,,40,45,40,65,40,65
310,manectric,13,,70,75,60,105,60,105
311,plusle,13,,60,50,40,85,75,95
312,minun,13,,60,40,50,75,85,95
313,volbeat,7,,65,73,75,47,85,85
314,illumise,7,,65,47,75,73,85,85
315,roselia,12,4,50,60,45,100,80,65
316,gulpin,4,,70,43,53,43,53,40
317,swalot,4,,100,73,83,73,83,55
318,carvanha,11,17,45,90,20,65,20,65
319,sharpedo,11,17,70,120,40,95,40,95
320,wailmer,11,,130,70,35,70,35,60
321,wailord,11,,170,90,45,90,45,60
322,numel,10,5,60,60,40,65,45,35
323,camerupt,10,5,70,100,70,105,75,40
324,torkoal,10,,70,85,140,85,70,20
325,spoink,14,,60,25,35,70,80,60
326,grumpig,14,,80,45,65,90,110,80
327,spinda,1,,60,60,60,60,60,60
328,trapinch,5,,45,100,45,45,45,10
329,vibrava,5,16,50,70,50,50,50,70
330,flygon,5,16,80,100,80,80,80,100
331,cacnea,12,,50,85,40,85,40,35
332,cacturne,12,17,70,115,60,115,60,55
333,swablu,1,3,45,40,60,40,75,50
334,altaria,16,3,75,70,90,70,105,80
335,zangoose,1,,73,115,60,60,60,90
336,seviper,4,,73,100,60,100,60,65
337,lunatone,6,14,90,55,65,95,85,70
338,solrock,6,14,90,95,85,55,65,70
339,barboach,11,5,50,48,43,46,41,60
340,whiscash,11,5,110,78,73,76,71,60
341,corphish,11,,43,80,65,50,35,35
342,crawdaunt,11,17,63,120,85,90,55,55
343,baltoy,5,14,40,40,55,40,70,55
344,claydol,5,14,60,70,105,70,120,75
345,lileep,6,12,66,41,77,61,87,23
346,cradily,6,12,86,81,97,81,107,43
347,anorith,6,7,45,95,50,40,50,75
348,armaldo,6,7,75,125,100,70,80,45
349,feebas,11,,20,15,20,10,55,80
350,milotic,11,,95,60,79,100,125,81
351,castform,1,,70,70,70,70,70,70
352,kecleon,1,,60,90,70,60,120,40
353,shuppet,8,,44,75,35,63,33,45
354,banette,8,,64,115,65,83,63,65
355,duskull,8,,20,40,90,30,90,25
356,dusclops,8,,40,70,130,60,130,25
357,tropius,12,3,99,68,83,72,87,51
358,chimecho,14,,75,50,80,95,90,65
359,absol,17,,65,130,60,75,60,75
360,wynaut,14,,95,23,48,23,48,23
361,snorunt,15,,50,50,50,50,50,50
362,glalie,15,,80,80,80,80,80,80
363,spheal,15,11,70,40,50,55,50,25
364,sealeo,15,11,90,60,70,75,70,45
365,walrein,15,11,110,80,90,95,90,65
366,clamperl,11,,35,64,85,74,55,32
367,huntail,11,,55,104,105,94,75,52
368,gorebyss,11,,55,84,105,114,75,52
369,relicanth,11,6,100,90,130,45,65,55
370,luvdisc,11,,43,30,55,40,65,97
371,bagon,16,,45,75,60,40,30,50
372,shelgon,16,,65,95,100,60,50,50
373,salamence,16,3,95,135,80,110,80,100
374,beldum,9,14,40,55,80,35,60,30
375,metang,9,14,60,75,100,55,80,50
376,metagross,9,14,80,135,130,95,90,70
377,regirock,6,,80,100,200,50,100,50
378,regice,15,,80,50,100,100,200,50
379,registeel,9,,80,75,150,75,150,50
380,latias,16,14,80,80,90,110,130,110
381,latios,16,14,80,90,80,130,110,110
382,kyogre,11,,100,100,90,150,140,90
383,groudon,5,,100,150,140,100,90,90
384,rayquaza,16,3,105,150,90,150,90,95
385,jirachi,9,14,100,100,100,100,100,100
386,deoxys-normal,14,,50,150,50,150,50,150
387,turtwig,12,,55,68,64,45,55,31
388,grotle,12,,75,89,85,55,65,36
389,torterra,12,5,95,109,105,75,85,56
390,chimchar,10,,44,58,44,58,44,61
391,monferno,10,2,64,78,52,78,52,81
392,infernape,10,2,76,104,71,104,71,108
393,piplup,11,,53,51,53,61,56,40
394,prinplup,11,,64,66,68,81,76,50
395,empoleon,11,9,84,86,88,111,101,60
396,starly,1,3,40,55,30,30,30,60
397,staravia,1,3,55,75,50,40,40,80
398,staraptor,1,3,85,120,70,50,60,100
399,bidoof,1,,59,45,40,35,40,31
400,bibarel,1,11,79,85,60,55,60,71
401,kricketot,7,,37,25,41,25,41,25
402,kricketune,7,,77,85,51,55,51,65
403,shinx,13,,45,65,34,40,34,45
404,luxio,13,,60,85,49,60,49,60
405,luxray,13,,80,120,79,95,79,70
406,budew,12,4,40,30,35,50,70,55
407,roserade,12,4,60,70,65,125,105,90
408,cranidos,6,,67,125,40,30,30,58
409,rampardos,6,,97,165,60,65,50,58
410,shieldon,6,9,30,42,118,42,88,30
411,bastiodon,6,9,60,52,168,47,138,30
412,burmy,7,,40,29,45,29,45,36
413,wormadam-plant,7,12,60,59,85,79,105,36
414,mothim,7,3,70,94,50,94,50,66
415,combee,7,3,30,30,42,30,42,70
416,vespiquen,7,3,70,80,102,80,102,40
417,pachirisu,13,,60,45,70,45,90,95
418,buizel,11,,55,65,35,60,30,85
419,floatzel,11,,85,105,55,85,50,115
420,cherubi,12,,45,35,45,62,53,35
421,cherrim,12,,70,60,70,87,78,85
422,shellos,11,,76,48,48,57,62,34
423,gastrodon,11,5,111,83,68,92,82,39
424,ambipom,1,,75,100,66,60,66,115
425,drifloon,8,3,90,50,34,60,44,70
426,drifblim,8,3,150,80,44,90,54,80
427,buneary,1,,55,66,44,44,56,85
428,lopunny,1,,65,76,84,54,96,105
429,mismagius,8,,60,60,60,105,105,105
430,honchkrow,17,3,100,125,52,105,52,71
431,glameow,1,,49,55,42,42,37,85
432,purugly,1,,71,82,64,64,59,112
433,chingling,14,,45,30,50,65,50,45
434,stunky,4,17,63,63,47,41,41,74
435,skuntank,4,17,103,93,67,71,61,84
436,bronzor,9,14,57,24,86,24,86,23
437,bronzong,9,14,67,89,116,79,116,33
438,bonsly,6,,50,80,95,10,45,10
439,mime-jr,14,18,20,25,45,70,90,60
440,happiny,1,,100,5,5,15,65,30
441,chatot,1,3,76,65,45,92,42,91
442,spiritomb,8,17,50,92,108,92,108,35
443,gible,16,5,58,70,45,40,45,42
444,gabite,16,5,68,90,65,50,55,82
445,garchomp,16,5,108,130,95,80,85,102
446,munchlax,1,,135,85,40,40,85,5
447,riolu,2,,40,70,40,35,40,60
448,lucario,2,9,70,110,70,115,70,90
449,hippopotas,5,,68,72,78,38,42,32
450,hippowdon,5,,108,112,118,68,72,47
451,skorupi,4,7,40,50,90,30,55,65
452,drapion,4,17,70,90,110,60,75,95
453,croagunk,4,2,48,61,40,61,40,50
454,toxicroak,4,2,83,106,65,86,65,85
455,carnivine,12,,74,100,72,90,72,46
456,finneon,11,,49,49,56,49,61,66
457,lumineon,11,,69,69,76,69,86,91
458,mantyke,11,3,45,20,50,60,120,50
459,snover,12,15,60,62,50,62,60,40
460,abomasnow,12,15,90,92,75,92,85,60
461,weavile,17,15,70,120,65,45,85,125
462,magnezone,13,9,70,70,115,130,90,60
463,lickilicky,1,,110,85,95,80,95,50
464,rhyperior,5,6,115,140,130,55,55,40
465,tangrowth,12,,100,100,125,110,50,50
466,electivire,13,,75,123,67,95,85,95
467,magmortar,10,,75,95,67,125,95,83
468,togekiss,18,3,85,50,95,120,115,80
469,yanmega,7,3,86,76,86,116,56,95
470,leafeon,12,,65,110,130,60,65,95
471,glaceon,15,,65,60,110,130,95,65
472,gliscor,5,3,75,95,125,45,75,95
473,mamoswine,15,5,110,130,80,70,60,80
474,porygon-z,1,,85,80,70,135,75,90
475,gallade,14,2,68,125,65,65,115,80
476,probopass,6,9,60,55,145,75,150,40
477,dusknoir,8,,45,100,135,65,135,45
478,froslass,15,8,70,80,70,80,70,110
479,rotom,13,8,50,50,77,95,77,91
480,uxie,14,,75,75,130,75,130,95
481,mesprit,14,,80,105,105,105,105,80
482,azelf,14,,75,125,70,125,70,115
483,dialga,9,16,100,120,120,150,100,90
484,palkia,11,16,90,120,100,150,120,100
485,heatran,10,9,91,90,106,130,106,77
486,regigigas,1,,110,160,110,80,110,100
487,giratina-altered,8,16,150,100,120,100,120,90
488,cresselia,14,,120,70,110,75,120,85
489,phione,11,,80,80,80,80,80,80
490,manaphy,11,,100,100,100,100,100,100
491,darkrai,17,,70,90,90,135,90,125
492,shaymin-land,12,,100,100,100,100,100,100
493,arceus,1,,120,120,120,120,120,120
494,victini,14,10,100,100,100,100,100,100
495,snivy,12,,45,45,55,45,55,63
496,servine,12,,60,60,75,60,75,83
497,serperior,12,,75,75,95,75,95,113
498,tepig,10,,65,63,45,45,45,45
499,pignite,10,2,90,93,55,70,55,55
500,emboar,10,2,110,123,65,100,65,65
501,oshawott,11,,55,55,45,63,45,45
502,dewott,11,,75,75,60,83,60,60
503,samurott,11,,95,100,85,108,70,70
504,patrat,1,,45,55,39,35,39,42
505,watchog,1,,60,85,69,60,69,77
506,lillipup,1,,45,60,45,25,45,55
507,herdier,1,,65,80,65,35,65,60
508,stoutland,1,,85,110,90,45,90,80
509,purrloin,17,,41,50,37,50,37,66
510,liepard,17,,64,88,50,88,50,106
511,pansage,12,,50,53,48,53,48,64
512,simisage,12,,75,98,63,98,63,101
513,pansear,10,,50,53,48,53,48,64
514,simisear,10,,75,98,63,98,63,101
515,panpour,11,,50,53,48,53,48,64
516,simipour,11,,75,98,63,98,63,101
517,munna,14,,76,25,45,67,55,24
518,musharna,14,,116,55,85,107,95,29
519,pidove,1,3,50,55,50,36,30,43
520,tranquill,1,3,62,77,62,50,42,65
521,unfezant,1,3,80,115,80,65,55,93
522,blitzle,13,,45,60,32,50,32,76
523,zebstrika,13,,75,100,63,80,63,116
524,roggenrola,6,,55,75,85,25,25,15
525,boldore,6,,70,105,105,50,40,20
526,gigalith,6,,85,135,130,60,80,25
527,woobat,14,3,65,45,43,55,43,72
528,swoobat,14,3,67,57,55,77,55,114
529,drilbur,5,,60,85,40,30,45,68
530,excadrill,5,9,110,135,60,50,65,88
531,audino,1,,103,60,86,60,86,50
532,timburr,2,,75,80,55,25,35,35
533,gurdurr,2,,85,105,85,40,50,40
534,conkeldurr,2,,105,140,95,55,65,45
535,tympole,11,,50,50,40,50,40,64
536,palpitoad,11,5,75,65,55,65,55,69
537,seismitoad,11,5,105,95,75,85,75,74
538,throh,2,,120,100,85,30,85,45
539,sawk,2,,75,125,75,30,75,85
540,sewaddle,7,12,45,53,70,40,60,42
541,swadloon,7,12,55,63,90,50,80,42
542,leavanny,7,12,75,103,80,70,80,92
543,venipede,7,4,30,45,59,30,39,57
544,whirlipede,7,4,40,55,99,40,79,47
545,scolipede,7,4,60,100,89,55,69,112
546,cottonee,12,18,40,27,60,37,50,66
547,whimsicott,12,18,60,67,85,77,75,116
548,petilil,12,,45,35,50,70,50,30
549,lilligant,12,,70,60,75,110,75,90
550,basculin-red-striped,11,,70,92,65,80,55,98
551,sandile,5,17,50,72,35,35,35,65
552,krokorok,5,17,60,82,45,45,45,74
553,krookodile,5,17,95,117,80,65,70,92
554,darumaka,10,,70,90,45,15,45,50
555,darmanitan-standard,10,,105,140,55,30,55,95
556,maractus,12,,75,86,67,106,67,60
557,dwebble,7,6,50,65,85,35,35,55
558,crustle,7,6,70,105,125,65,75,45
559,scraggy,17,2,50,75,70,35,70,48
560,scrafty,17,2,65,90,115,45,115,58
561,sigilyph,14,3,72,58,80,103,80,97
562,yamask,8,,38,30,85,55,65,30
563,cofagrigus,8,,58,50,145,95,105,30
564,tirtouga,11,6,54,78,103,53,45,22
565,carracosta,11,6,74,108,133,83,65,32
566,archen,6,3,55,112,45,74,45,70
567,archeops,6,3,75,140,65,112,65,110
568,trubbish,4,,50,50,62,40,62,65
569,garbodor,4,,80,95,82,60,82,75
570,zorua,17,,40,65,40,80,40,65
571,zoroark,17,,60,105,60,120,60,105
572,minccino,1,,55,50,40,40,40,75
573,cinccino,1,,75,95,60,65,60,115
574,gothita,14,,45,30,50,55,65,45
575,gothorita,14,,60,45,70,75,85,55
576,gothitelle,14,,70,55,95,95,110,65
577,solosis,14,,45,30,40,105,50,20
578,duosion,14,,65,40,50,125,60,30
579,reuniclus,14,,110,65,75,125,85,30
580,ducklett,11,3,62,44,50,44,50,55
581,swanna,11,3,75,87,63,87,63,98
582,vanillite,15,,36,50,50,65,60,44
583,vanillish,15,,51,65,65,80,75,59
584,vanilluxe,15,,71,95,85,110,95,79
585,deerling,1,12,60,60,50,40,50,75
586,sawsbuck,1,12,80,100,70,60,70,95
587,emolga,13,3,55,75,60,75,60,103
588,karrablast,7,,50,75,45,40,45,60
589,escavalier,7,9,70,135,105,60,105,20
590,foongus,12,4,69,55,45,55,55,15
591,amoonguss,12,4,114,85,70,85,80,30
592,frillish,11,8,55,40,50,65,85,40
593,jellicent,11,8,100,60,70,85,105,60
594,alomomola,11,,165,75,80,40,45,65
595,joltik,7,13,50,47,50,57,50,65
596,galvantula,7,13,70,77,60,97,60,108
597,ferroseed,12,9,44,50,91,24,86,10
598,ferrothorn,12,9,74,94,131,54,116,20
599,klink,9,,40,55,70,45,60,30
600,klang,9,,60,80,95,70,85,50
601,klinklang,9,,60,100,115,70,85,90
602,tynamo,13,,35,55,40,45,40,60
603,eelektrik,13,,65,85,70,75,70,40
604,eelektross,13,,85,115,80,105,80,50
605,elgyem,14,,55,55,55,85,55,30
606,beheeyem,14,,75,75,75,125,95,40
607,litwick,8,10,50,30,55,65,55,20
608,lampent,8,10,60,40,60,95,60,55
609,chandelure,8,10,60,55,90,145,90,80
610,axew,16,,46,87,60,30,40,57
611,fraxure,16,,66,117,70,40,50,67
612,haxorus,16,,76,147,90,60,70,97
613,cubchoo,15,,55,70,40,60,40,40
614,beartic,15,,95,130,80,70,80,50
615,cryogonal,15,,80,50,50,95,135,105
616,shelmet,7,,50,40,85,40,65,25
617,accelgor,7,,80,70,40,100,60,145
618,stunfisk,5,13,109,66,84,81,99,32
619,mienfoo,2,,45,85,50,55,50,65
620,mienshao,2,,65,125,60,95,60,105
621,druddigon,16,,77,120,90,60,90,48
622,golett,5,8,59,74,50,35,50,35
623,golurk,5,8,89,124,80,55,80,55
624,pawniard,17,9,45,85,70,40,40,60
625,bisharp,17,9,65,125,100,60,70,70
626,bouffalant,1,,95,110,95,40,95,55
627,rufflet,1,3,70,83,50,37,50,60
628,braviary,1,3,100,123,75,57,75,80
629,vullaby,17,3,70,55,75,45,65,60
630,mandibuzz,17,3,110,65,105,55,95,80
631,heatmor,10,,85,97,66,105,66,65
632,durant,7,9,58,109,112,48,48,109
633,deino,17,16,52,65,50,45,50,38
634,zweilous,17,16,72,85,70,65,70,58
635,hydreigon,17,16,92,105,90,125,90,98
636,larvesta,7,10,55,85,55,50,55,60
637,volcarona,7,10,85,60,65,135,105,100
638,cobalion,9,2,91,90,129,90,72,108
639,terrakion,6,2,91,129,90,72,90,108
640,virizion,12,2,91,90,72,90,129,108
641,tornadus-incarnate,3,,79,115,70,125,80,111
642,thundurus-incarnate,13,3,79,115,70,125,80,111
643,reshiram,16,10,100,120,100,150,120,90
644,zekrom,16,13,100,150,120,120,100,90
645,landorus-incarnate,5,3,89,125,90,115,80,101
646,kyurem,16,15,125,130,90,130,90,95
647,keldeo-ordinary,11,2,91,72,90,129,90,108
648,meloetta-aria,1,14,100,77,77,128,128,90
649,genesect,7,9,71,120,95,120,95,99
650,chespin,12,,56,61,65,48,45,38
651,quilladin,12,,61,78,95,56,58,57
652,chesnaught,12,2,88,107,122,74,75,64
653,fennekin,10,,40,45,40,62,60,60
654,braixen,10,,59,59,58,90,70,73
655,delphox,10,14,75,69,72,114,100,104
656,froakie,11,,41,56,40,62,44,71
657,frogadier,11,,54,63,52,83,56,97
658,greninja,11,17,72,95,67,103,71,122
659,bunnelby,1,,38,36,38,32,36,57
660,diggersby,1,5,85,56,77,50,77,78
661,fletchling,1,3,45,50,43,40,38,62
662,fletchinder,10,3,62,73,55,56,52,84
663,talonflame,10,3,78,81,71,74,69,126
664,scatterbug,7,,38,35,40,27,25,35
665,spewpa,7,,45,22,60,27,30,29
666,vivillon,7,3,80,52,50,90,50,89
667,litleo,10,1,62,50,58,73,54,72
668,pyroar,10,1,86,68,72,109,66,106
669,flabebe,18,,44,38,39,61,79,42
670,floette,18,,54,45,47,75,98,52
671,florges,18,,78,65,68,112,154,75
672,skiddo,12,,66,65,48,62,57,52
673,gogoat,12,,123,100,62,97,81,68
674,pancham,2,,67,82,62,46,48,43
675,pangoro,2,17,95,124,78,69,71,58
676,furfrou,1,,75,80,60,65,90,102
677,espurr,14,,62,48,54,63,60,68
678,meowstic-male,14,,74,48,76,83,81,104
679,honedge,9,8,45,80,100,35,37,28
680,doublade,9,8,59,110,150,45,49,35
681,aegislash-shield,9,8,60,50,140,50,140,60
682,spritzee,18,,78,52,60,63,65,23
683,aromatisse,18,,101,72,72,99,89,29
684,swirlix,18,,62,48,66,59,57,49
685,slurpuff,18,,82,80,86,85,75,72
686,inkay,17,14,53,54,53,37,46,45
687,malamar,17,14,86,92,88,68,75,73
688,binacle,6,11,42,52,67,39,56,50
689,barbaracle,6,11,72,105,115,54,86,68
690,skrelp,4,11,50,60,60,60,60,30
691,dragalge,4,16,65,75,90,97,123,44
692,clauncher,11,,50,53,62,58,63,44
693,clawitzer,11,,71,73,88,120,89,59
694,helioptile,13,1,44,38,33,61,43,70
695,heliolisk,13,1,62,55,52,109,94,109
696,tyrunt,6,16,58,89,77,45,45,48
697,tyrantrum,6,16,82,121,119,69,59,71
698,amaura,6,15,77,59,50,67,63,46
699,aurorus,6,15,123,77,72,99,92,58
700,sylveon,18,,95,65,65,110,130,60
701,hawlucha,2,3,78,92,75,74,63,118
702,dedenne,13,18,67,58,57,81,67,101
703,carbink,6,18,50,50,150,50,150,50
704,goomy,16,,45,50,35,55,75,40
705,sliggoo,16,,68,75,53,83,113,60
706,goodra,16,,90,100,70,110,150,80
707,klefki,9,18,57,80,91,80,87,75
708,phantump,8,12,43,70,48,50,60,38
709,trevenant,8,12,85,110,76,65,82,56
710,pumpkaboo-average,8,12,49,66,70,44,55,51
711,gourgeist-average,8,12,65,90,122,58,75,84
712,bergmite,15,,55,69,85,32,35,28
713,avalugg,15,,95,117,184,44,46,28
714,noibat,3,16,40,30,35,45,40,55
715,noivern,3,16,85,70,80,97,80,123
716,xerneas,18,,126,131,95,131,98,99
717,yveltal,17,3,126,131,95,131,98,99
718,zygarde-50,16,5,108,100,121,81,95,95
719,diancie,6,18,50,100,150,100,150,50
720,hoopa,14,8,80,110,60,150,130,70
721,volcanion,10,11,80,110,120,130,90,70
722,rowlet,12,3,68,55,55,50,50,42
723,dartrix,12,3,78,75,75,70,70,52
724,decidueye,12,8,78,107,75,100,100,70
725,litten,10,,45,65,40,60,40,70
726,torracat,10,,65,85,50,80,50,90
727,incineroar,10,17,95,115,90,80,90,60
728,popplio,11,,50,54,54,66,56,40
729,brionne,11,,60,69,69,91,81,50
730,primarina,11,18,80,74,74,126,116,60
731,pikipek,1,3,35,75,30,30,30,65
732,trumbeak,1,3,55,85,50,40,50,75
733,toucannon,1,3,80,120,75,75,75,60
734,yungoos,1,,48,70,30,30,30,45
735,gumshoos,1,,88,110,60,55,60,45
736,grubbin,7,,47,62,45,55,45,46
737,charjabug,7,13,57,82,95,55,75,36
738,vikavolt,7,13,77,70,90,145,75,43
739,crabrawler,2,,47,82,57,42,47,63
740,crabominable,2,15,97,132,77,62,67,43
741,oricorio-baile,10,3,75,70,70,98,70,93
742,cutiefly,7,18,40,45,40,55,40,84
743,ribombee,7,18,60,55,60,95,70,124
744,rockruff,6,,45,65,40,30,40,60
745,lycanroc-midday,6,,75,115,65,55,65,112
746,wishiwashi-solo,11,,45,20,20,25,25,40
747,mareanie,4,11,50,53,62,43,52,45
748,toxapex,4,11,50,63,152,53,142,35
749,mudbray,5,,70,100,70,45,55,45
750,mudsdale,5,,100,125,100,55,85,35
751,dewpider,11,7,38,40,52,40,72,27
752,araquanid,11,7,68,70,92,50,132,42
753,fomantis,12,,40,55,35,50,35,35
754,lurantis,12,,70,105,90,80,90,45
755,morelull,12,18,40,35,55,65,75,15
756,shiinotic,12,18,60,45,80,90,100,30
757,salandit,4,10,48,44,40,71,40,77
758,salazzle,4,10,68,64,60,111,60,117
759,stufful,1,2,70,75,50,45,50,50
760,bewear,1,2,120,125,80,55,60,60
761,bounsweet,12,,42,30,38,30,38,32
762,steenee,12,,52,40,48,40,48,62
763,tsareena,12,,72,120,98,50,98,72
764,comfey,18,,51,52,90,82,110,100
765,oranguru,1,14,90,60,80,90,110,60
766,passimian,2,,100,120,90,40,60,80
767,wimpod,7,11,25,35,40,20,30,80
768,golisopod,7,11,75,125,140,60,90,40
769,sandygast,8,5,55,55,80,70,45,15
770,palossand,8,5,85,75,110,100,75,35
771,pyukumuku,11,,55,60,130,30,130,5
772,type-null,1,,95,95,95,95,95,59
773,silvally,1,,95,95,95,95,95,95
774,minior-red-meteor,6,3,60,60,100,60,100,60
775,komala,1,,65,115,65,75,95,65
776,turtonator,10,16,60,78,135,91,85,36
777,togedemaru,13,9,65,98,63,40,73,96
778,mimikyu-disguised,8,18,55,90,80,50,105,96
779,bruxish,11,14,68,105,70,70,70,92
780,drampa,1,16,78,60,85,135,91,36
781,dhelmise,8,12,70,131,100,86,90,40
782,jangmo-o,16,,45,55,65,45,45,45
783,hakamo-o,16,2,55,75,90,65,70,65
784,kommo-o,16,2,75,110,125,100,105,85
785,tapu-koko,13,18,70,115,85,95,75,130
786,tapu-lele,14,18,70,85,75,130,115,95
787,tapu-bulu,12,18,70,130,115,85,95,75
788,tapu-fini,11,18,70,75,115,95,130,85
789,cosmog,14,,43,29,31,29,31,37
790,cosmoem,14,,43,29,131,29,131,37
791,solgaleo,14,9,137,137,107,113,89,97
792,lunala,14,8,137,113,89,137,107,97
793,nihilego,6,4,109,53,47,127,131,103
794,buzzwole,7,2,107,139,139,53,53,79
795,pheromosa,7,2,71,137,37,137,37,151
796,xurkitree,13,,83,89,71,173,71,83
797,celesteela,9,3,97,101,103,107,101,61
798,kartana,12,9,59,181,131,59,31,109
799,guzzlord,17,16,223,101,53,97,53,43
800,necrozma,14,,97,107,101,127,89,79
801,magearna,9,18,80,95,115,130,115,65
802,marshadow,2,8,90,125,80,90,90,125
803,poipole,4,,67,73,67,73,67,73
804,naganadel,4,16,73,73,73,127,73,121
805,stakataka,6,9,61,131,211,53,101,13
806,blacephalon,10,8,53,127,53,151,79,107
807,zeraora,13,,88,112,75,102,80,143
808,meltan,9,,46,65,65,55,35,34
809,melmetal,9,,135,143,143,80,65,34
810,grookey,12,,50,65,50,40,40,65
811,thwackey,12,,70,85,70,55,60,80
812,rillaboom,12,,100,125,90,60,70,85
813,scorbunny,10,,50,71,40,40,40,69
814,raboot,10,,65,86,60,55,60,94
815,cinderace,10,,80,116,75,65,75,119
816,sobble,11,,50,40,40,70,40,70
817,drizzile,11,,65,60,55,95,55,90
818,inteleon,11,,70,85,65,125,65,120
819,skwovet,1,,70,55,55,35,35,25
820,greedent,1,,120,95,95,55,75,20
821,rookidee,3,,38,47,35,33,35,57
822,corvisquire,3,,68,67,55,43,55,77
823,corviknight,3,9,98,87,105,53,85,67
824,blipbug,7,,25,20,20,25,45,45
825,dottler,7,14,50,35,80,50,90,30
826,orbeetle,7,14,60,45,110,80,120,90
827,nickit,17,,40,28,28,47,52,50
828,thievul,17,,70,58,58,87,92,90
829,gossifleur,12,,40,40,60,40,60,10
830,eldegoss,12,,60,50,90,80,120,60
831,wooloo,1,,42,40,55,40,45,48
832,dubwool,1,,72,80,100,60,90,88
833,chewtle,11,,50,64,50,38,38,44
834,drednaw,11,6,90,115,90,48,68,74
835,yamper,13,,59,45,50,40,50,26
836,boltund,13,,69,90,60,90,60,121
837,rolycoly,6,,30,40,50,40,50,30
838,carkol,6,10,80,60,90,60,70,50
839,coalossal,6,10,110,80,120,80,90,30
840,applin,12,16,40,40,80,40,40,20
841,flapple,12,16,70,110,80,95,60,70
842,appletun,12,16,110,85,80,100,80,30
843,silicobra,5,,52,57,75,35,50,46
844,sandaconda,5,,72,107,125,65,70,71
845,cramorant,3,11,70,85,55,85,95,85
846,arrokuda,11,,41,63,40,40,30,66
847,barraskewda,11,,61,123,60,60,50,136
848,toxel,13,4,40,38,35,54,35,40
849,toxtricity-amped,13,4,75,98,70,114,70,75
850,sizzlipede,10,7,50,65,45,50,50,45
851,centiskorch,10,7,100,115,65,90,90,65
852,clobbopus,2,,50,68,60,50,50,32
853,grapploct,2,,80,118,90,70,80,42
854,sinistea,8,,40,45,45,74,54,50
855,polteageist,8,,60,65,65,134,114,70
856,hatenna,14,,42,30,45,56,53,39
857,hattrem,14,,57,40,65,86,73,49
858,hatterene,14,18,57,90,95,136,103,29
859,impidimp,17,18,45,45,30,55,40,50
860,morgrem,17,18,65,60,45,75,55,70
861,grimmsnarl,17,18,95,120,65,95,75,60
862,obstagoon,17,1,93,90,101,60,81,95
863,perrserker,9,,70,110,100,50,60,50
864,cursola,8,,60,95,50,145,130,30
865,sirfetchd,2,,62,135,95,68,82,65
866,mr-rime,15,14,80,85,75,110,100,70
867,runerigus,5,8,58,95,145,50,105,30
868,milcery,18,,45,40,40,50,61,34
869,alcremie,18,,65,60,75,110,121,64
870,falinks,2,,65,100,100,70,60,75
871,pincurchin,13,,48,101,95,91,85,15
872,snom,15,7,30,25,35,45,30,20
873,frosmoth,15,7,70,65,60,125,90,65
874,stonjourner,6,,100,125,135,20,20,70
875,eiscue-ice,15,,75,80,110,65,90,50
876,indeedee-male,14,1,60,65,55,105,95,95
877,morpeko-full-belly,13,17,58,95,58,70,58,97
878,cufant,9,,72,80,49,40,49,40
879,copperajah,9,,122,130,69,80,69,30
880,dracozolt,13,16,90,100,90,80,70,75
881,arctozolt,13,15,90,100,90,90,80,55
882,dracovish,11,16,90,90,100,70,80,75
883,arctovish,11,15,90,90,100,80,90,55
884,duraludon,9,16,70,95,115,120,50,85
885,dreepy,16,8,28,60,30,40,30,82
886,drakloak,16,8,68,80,50,60,50,102
887,dragapult,16,8,88,120,75,100,75,142
888,zacian,18,,92,120,115,80,115,138
889,zamazenta,2,,92,120,115,80,115,138
890,eternatus,4,16,140,85,95,145,95,130
891,kubfu,2,,60,90,60,53,50,72
892,urshifu-single-strike,2,17,100,130,100,63,60,97
893,zarude,17,12,105,120,105,70,95,105
894,regieleki,13,,80,100,50,100,50,200
895,regidrago,16,,200,100,50,100,50,80
896,glastrier,15,,100,145,130,65,110,30
897,spectrier,8,,100,65,60,145,80,130
898,calyrex,14,12,100,80,80,80,80,80
899,wyrdeer,1,14,103,105,72,105,75,65
900,kleavor,7,6,70,135,95,45,70,85
901,ursaluna,5,1,130,140,105,45,80,50
902,basculegion-male,11,8,120,112,65,80,75,78
903,sneasler,2,4,80,130,60,40,80,120
904,overqwil,17,4,85,115,95,65,65,85
905,enamorus-incarnate,18,3,74,115,70,135,80,106
906,sprigatito,12,,40,61,54,45,45,65
907,floragato,12,,61,80,63,60,63,83
908,meowscarada,12,17,76,110,70,81,70,123
909,fuecoco,10,,67,45,59,63,40,36
910,crocalor,10,,81,55,78,90,58,49
911,skeledirge,10,8,104,75,100,110,75,66
912,quaxly,11,,55,65,45,50,45,50
913,quaxwell,11,,70,85,65,65,60,65
914,quaquaval,11,2,85,120,80,85,75,85
915,lechonk,1,,54,45,40,35,45,35
916,oinkologne-male,1,,110,100,75,59,80,65
917,tarountula,7,,35,41,45,29,40,20
918,spidops,7,,60,79,92,52,86,35
919,nymble,7,,33,46,40,21,25,45
920,lokix,7,17,71,102,78,52,55,92
921,pawmi,13,,45,50,20,40,25,60
922,pawmo,13,2,60,75,40,50,40,85
923,pawmot,13,2,70,115,70,70,60,105
924,tandemaus,1,,50,50,45,40,45,75
925,maushold-family-of-four,1,,74,75,70,65,75,111
926,fidough,18,,37,55,70,30,55,65
927,dachsbun,18,,57,80,115,50,80,95
928,smoliv,12,1,41,35,45,58,51,30
929,dolliv,12,1,52,53,60,78,78,33
930,arboliva,12,1,78,69,90,125,109,39
931,squawkabilly-green-plumage,1,3,82,96,51,45,51,92
932,nacli,6,,55,55,75,35,35,25
933,naclstack,6,,60,60,100,35,65,35
934,garganacl,6,,100,100,130,45,90,35
935,charcadet,10,,40,50,40,50,40,35
936,armarouge,10,14,85,60,100,125,80,75
937,ceruledge,10,8,75,125,80,60,100,85
938,tadbulb,13,,61,31,41,59,35,45
939,bellibolt,13,,109,64,91,103,83,45
940,wattrel,13,3,40,40,35,55,40,70
941,kilowattrel,13,3,70,70,60,105,60,125
942,maschiff,17,,60,78,60,40,51,51
943,mabosstiff,17,,80,120,90,60,70,85
944,shroodle,4,1,40,65,35,40,35,75
945,grafaiai,4,1,63,95,65,80,72,110
946,bramblin,12,8,40,65,30,45,35,60
947,brambleghast,12,8,55,115,70,80,70,90
948,toedscool,5,12,40,40,35,50,100,70
949,toedscruel,5,12,80,70,65,80,120,100
950,klawf,6,,70,100,115,35,55,75
951,capsakid,12,,50,62,40,62,40,50
952,scovillain,12,10,65,108,65,108,65,75
953,rellor,7,,41,50,60,31,58,30
954,rabsca,7,14,75,50,85,115,100,45
955,flittle,14,,30,35,30,55,30,75
956,espathra,14,,95,60,60,101,60,105
957,tinkatink,18,9,50,45,45,35,64,58
958,tinkatuff,18,9,65,55,55,45,82,78
959,tinkaton,18,9,85,75,77,70,105,94
960,wiglett,11,,10,55,25,35,25,95
961,wugtrio,11,,35,100,50,50,70,120
962,bombirdier,3,17,70,103,85,60,85,82
963,finizen,11,,70,45,40,45,40,75
964,palafin-zero,11,,100,70,72,53,62,100
965,varoom,9,4,45,70,63,30,45,47
966,revavroom,9,4,80,119,90,54,67,90
967,cyclizar,16,1,70,95,65,85,65,121
968,orthworm,9,,70,85,145,60,55,65
969,glimmet,6,4,48,35,42,105,60,60
970,glimmora,6,4,83,55,90,130,81,86
971,greavard,8,,50,61,60,30,55,34
972,houndstone,8,,72,101,100,50,97,68
973,flamigo,3,2,82,115,74,75,64,90
974,cetoddle,15,,108,68,45,30,40,43
975,cetitan,15,,170,113,65,45,55,73
976,veluza,11,14,90,102,73,78,65,70
977,dondozo,11,,150,100,115,65,65,35
978,tatsugiri-curly,16,11,68,50,60,120,95,82
979,annihilape,2,8,110,115,80,50,90,90
980,clodsire,4,5,130,75,60,45,100,20
981,farigiraf,1,14,120,90,70,110,70,60
982,dudunsparce-two-segment,1,,125,100,80,85,75,55
983,kingambit,17,9,100,135,120,60,85,50
984,great-tusk,5,2,115,131,131,53,53,87
985,scream-tail,18,14,115,65,99,65,115,111
986,brute-bonnet,12,17,111,127,99,79,99,55
987,flutter-mane,8,18,55,55,55,135,135,135
988,slither-wing,7,2,85,135,79,85,105,81
989,sandy-shocks,13,5,85,81,97,121,85,101
990,iron-treads,5,9,90,112,120,72,70,106
991,iron-bundle,15,11,56,80,114,124,60,136
992,iron-hands,2,13,154,140,108,50,68,50
993,iron-jugulis,17,3,94,80,86,122,80,108
994,iron-moth,10,4,80,70,60,140,110,110
995,iron-thorns,6,13,100,134,110,70,84,72
996,frigibax,16,15,65,75,45,35,45,55
997,arctibax,16,15,90,95,66,45,65,62
998,baxcalibur,16,15,115,145,92,75,86,87
999,gimmighoul,8,,45,30,70,75,70,10
1000,gholdengo,9,8,87,60,95,133,91,84
1001,wo-chien,17,12,85,85,100,95,135,70
1002,chien-pao,17,15,80,120,80,90,65,135
1003,ting-lu,17,5,155,110,125,55,80,45
1004,chi-yu,17,10,55,80,80,135,120,100
1005,roaring-moon,16,17,105,139,71,55,101,119
1006,iron-valiant,18,2,74,130,90,120,60,116
1007,koraidon,2,16,100,135,115,85,100,135
1008,miraidon,13,16,100,85,100,135,115,135
1009,walking-wake,11,16,99,83,91,125,83,109
1010,iron-leaves,12,14,90,130,88,70,108,104
1011,dipplin,12,16,80,80,110,95,80,40
1012,poltchageist,12,8,40,45,45,74,54,50
1013,sinistcha,12,8,71,60,106,121,80,70
1014,okidogi,4,2,88,128,115,58,86,80
1015,munkidori,4,14,88,75,66,130,90,106
1016,fezandipiti,4,18,88,91,82,70,125,99
1017,ogerpon,12,,80,120,84,60,96,110
1018,archaludon,9,16,90,105,130,125,65,85
1019,hydrapple,12,16,106,80,110,120,80,44
1020,gouging-fire,10,16,105,115,121,65,93,91
1021,raging-bolt,13,16,125,73,91,137,89,75
1022,iron-boulder,6,14,90,120,80,68,108,124
1023,iron-crown,9,14,90,72,100,122,108,98
1024,terapagos,1,,90,65,85,65,85,60
1025,pecharunt,4,8,88,88,160,88,88,88
10001,deoxys-attack,14,,50,180,20,180,20,150
10002,deoxys-defense,14,,50,70,160,70,160,90
10003,deoxys-speed,14,,50,95,90,95,90,180
10004,wormadam-sandy,7,5,60,79,105,59,85,36
10005,wormadam-trash,7,9,60,69,95,69,95,36
10006,shaymin-sky,12,3,100,103,75,120,75,127
10007,giratina-origin,8,16,150,120,100,120,100,90
10008,rotom-heat,13,10,50,65,107,105,107,86
10009,rotom-wash,13,11,50,65,107,105,107,86
10010,rotom-frost,13,15,50,65,107,105,107,86
10011,rotom-fan,13,3,50,65,107,105,107,86
10012,rotom-mow,13,12,50,65,107,105,107,86
10013,castform-sunny,10,,70,70,70,70,70,70
10014,castform-rainy,11,,70,70,70,70,70,70
10015,castform-snowy,15,,70,70,70,70,70,70
10016,basculin-blue-striped,11,,70,92,65,80,55,98
10017,darmanitan-zen,10,14,105,30,105,140,105,55
10018,meloetta-pirouette,1,2,100,128,90,77,77,128
10019,tornadus-therian,3,,79,100,80,110,90,121
10020,thundurus-therian,13,3,79,105,70,145,80,101
10021,landorus-therian,5,3,89,145,90,105,80,91
10022,kyurem-black,16,15,125,170,100,120,90,95
10023,kyurem-white,16,15,125,120,90,170,100,95
10024,keldeo-resolute,11,2,91,72,90,129,90,108
10025,meowstic-female,14,,74,48,76,83,81,104
10026,aegislash-blade,9,8,60,140,50,140,50,60
10027,pumpkaboo-small,8,12,44,66,70,44,55,56
10028,pumpkaboo-large,8,12,54,66,70,44,55,46
10029,pumpkaboo-super,8,12,59,66,70,44,55,41
10030,gourgeist-small,8,12,55,85,122,58,75,99
10031,gourgeist-large,8,12,75,95,122,58,75,69
10032,gourgeist-super,8,12,85,100,122,58,75,54
10033,venusaur-mega,12,4,80,100,123,122,120,80
10034,charizard-mega-x,10,16,78,130,111,130,85,100
10035,charizard-mega-y,10,3,78,104,78,159,115,100
10036,blastoise-mega,11,,79,103,120,135,115,78
10037,alakazam-mega,14,,55,50,65,175,105,150
10038,gengar-mega,8,4,60,65,80,170,95,130
10039,kangaskhan-mega,1,,105,125,100,60,100,100
10040,pinsir-mega,7,3,65,155,120,65,90,105
10041,gyarados-mega,11,17,95,155,109,70,130,81
10042,aerodactyl-mega,6,3,80,135,85,70,95,150
10043,mewtwo-mega-x,14,2,106,190,100,154,100,130
10044,mewtwo-mega-y,14,,106,150,70,194,120,140
10045,ampharos-mega,13,16,90,95,105,165,110,45
10046,scizor-mega,7,9,70,150,140,65,100,75
10047,heracross-mega,7,2,80,185,115,40,105,75
10048,houndoom-mega,17,10,75,90,90,140,90,115
10049,tyranitar-mega,6,17,100,164,150,95,120,71
10050,blaziken-mega,10,2,80,160,80,130,80,100
10051,gardevoir-mega,14,18,68,85,65,165,135,100
10052,mawile-mega,9,18,50,105,125,55,95,50
10053,aggron-mega,9,,70,140,230,60,80,50
10054,medicham-mega,2,14,60,100,85,80,85,100
10055,manectric-mega,13,,70,75,80,135,80,135
10056,banette-mega,8,,64,165,75,93,83,75
10057,absol-mega,17,,65,150,60,115,60,115
10058,garchomp-mega,16,5,108,170,115,120,95,92
10059,lucario-mega,2,9,70,145,88,140,70,112
10060,abomasnow-mega,12,15,90,132,105,132,105,30
10061,floette-eternal,18,,74,65,67,125,128,92
10062,latias-mega,16,14,80,100,120,140,150,110
10063,latios-mega,16,14,80,130,100,160,120,110
10064,swampert-mega,11,5,100,150,110,95,110,70
10065,sceptile-mega,12,16,70,110,75,145,85,145
10066,sableye-mega,17,8,50,85,125,85,115,20
10067,altaria-mega,16,18,75,110,110,110,105,80
10068,gallade-mega,14,2,68,165,95,65,115,110
10069,audino-mega,1,18,103,60,126,80,126,50
10070,sharpedo-mega,11,17,70,140,70,110,65,105
10071,slowbro-mega,11,14,95,75,180,130,80,30
10072,steelix-mega,9,5,75,125,230,55,95,30
10073,pidgeot-mega,1,3,83,80,80,135,80,121
10074,glalie-mega,15,,80,120,80,120,80,100
10075,diancie-mega,6,18,50,160,110,160,110,110
10076,metagross-mega,9,14,80,145,150,105,110,110
10077,kyogre-primal,11,,100,150,90,180,160,90
10078,groudon-primal,5,10,100,180,160,150,90,90
10079,rayquaza-mega,16,3,105,180,100,180,100,115
10080,pikachu-rock-star,13,,35,55,40,50,50,90
10081,pikachu-belle,13,,35,55,40,50,50,90
10082,pikachu-pop-star,13,,35,55,40,50,50,90
10083,pikachu-phd,13,,35,55,40,50,50,90
10084,pikachu-libre,13,,35,55,40,50,50,90
10085,pikachu-cosplay,13,,35,55,40,50,50,90
10086,hoopa-unbound,14,17,80,160,60,170,130,80
10087,camerupt-mega,10,5,70,120,100,145,105,20
10088,lopunny-mega,1,2,65,136,94,54,96,135
10089,salamence-mega,16,3,95,145,130,120,90,120
10090,beedrill-mega,7,4,65,150,40,15,80,145
10091,rattata-alola,17,1,30,56,35,25,35,72
10092,raticate-alola,17,1,75,71,70,40,80,77
10093,raticate-totem-alola,17,1,75,71,70,40,80,77
10094,pikachu-original-cap,13,,35,55,40,50,50,90
10095,pikachu-hoenn-cap,13,,35,55,40,50,50,90
10096,pikachu-sinnoh-cap,13,,35,55,40,50,50,90
10097,pikachu-unova-cap,13,,35,55,40,50,50,90
10098,pikachu-kalos-cap,13,,35,55,40,50,50,90
10099,pikachu-alola-cap,13,,35,55,40,50,50,90
10100,raichu-alola,13,14,60,85,50,95,85,110
10101,sandshrew-alola,15,9,50,75,90,10,35,40
10102,sandslash-alola,15,9,75,100,120,25,65,65
10103,vulpix-alola,15,,38,41,40,50,65,65
10104,ninetales-alola,15,18,73,67,75,81,100,109
10105,diglett-alola,5,9,10,55,30,35,45,90
10106,dugtrio-alola,5,9,35,100,60,50,70,110
10107,meowth-alola,17,,40,35,35,50,40,90
10108,persian-alola,17,,65,60,60,75,65,115
10109,geodude-alola,6,13,40,80,100,30,30,20
10110,graveler-alola,6,13,55,95,115,45,45,35
10111,golem-alola,6,13,80,120,130,55,65,45
10112,grimer-alola,4,17,80,80,50,40,50,25
10113,muk-alola,4,17,105,105,75,65,100,50
10114,exeggutor-alola,12,16,95,105,85,125,75,45
10115,marowak-alola,10,8,60,80,110,50,80,45
10116,greninja-battle-bond,11,17,72,95,67,103,71,122
10117,greninja-ash,11,17,72,145,67,153,71,132
10118,zygarde-10-power-construct,16,5,54,100,71,61,85,115
10119,zygarde-50-power-construct,16,5,108,100,121,81,95,95
10120,zygarde-complete,16,5,216,100,121,91,95,85
10121,gumshoos-totem,1,,88,110,60,55,60,45
10122,vikavolt-totem,7,13,77,70,90,145,75,43
10123,oricorio-pom-pom,13,3,75,70,70,98,70,93
10124,oricorio-pau,14,3,75,70,70,98,70,93
10125,oricorio-sensu,8,3,75,70,70,98,70,93
10126,lycanroc-midnight,6,,85,115,75,55,75,82
10127,wishiwashi-school,11,,45,140,130,140,135,30
10128,lurantis-totem,12,,70,105,90,80,90,45
10129,salazzle-totem,4,10,68,64,60,111,60,117
10130,minior-orange-meteor,6,3,60,60,100,60,100,60
10131,minior-yellow-meteor,6,3,60,60,100,60,100,60
10132,minior-green-meteor,6,3,60,60,100,60,100,60
10133,minior-blue-meteor,6,3,60,60,100,60,100,60
10134,minior-indigo-meteor,6,3,60,60,100,60,100,60
10135,minior-violet-meteor,6,3,60,60,100,60,100,60
10136,minior-red,6,3,60,100,60,100,60,120
10137,minior-orange,6,3,60,100,60,100,60,120
10138,minior-yellow,6,3,60,100,60,100,60,120
10139,minior-green,6,3,60,100,60,100,60,120
10140,minior-blue,6,3,60,100,60,100,60,120
10141,minior-indigo,6,3,60,100,60,100,60,120
10142,minior-violet,6,3,60,100,60,100,60,120
10143,mimikyu-busted,8,18,55,90,80,50,105,96
10144,mimikyu-totem-disguised,8,18,55,90,80,50,105,96
10145,mimikyu-totem-busted,8,18,55,90,80,50,105,96
10146,kommo-o-totem,16,2,75,110,125,100,105,85
10147,magearna-original,9,18,80,95,115,130,115,65
10148,pikachu-partner-cap,13,,35,55,40,50,50,90
10149,marowak-totem,10,8,60,80,110,50,80,45
10150,ribombee-totem,7,18,60,55,60,95,70,124
10151,rockruff-own-tempo,6,,45,65,40,30,40,60
10152,lycanroc-dusk,6,,75,117,65,55,65,110
10153,araquanid-totem,11,7,68,70,92,50,132,42
10154,togedemaru-totem,13,9,65,98,63,40,73,96
10155,necrozma-dusk,14,9,97,157,127,113,109,77
10156,necrozma-dawn,14,8,97,113,109,157,127,77
10157,necrozma-ultra,14,16,97,167,97,167,97,129
10158,pikachu-starter,13,,45,80,50,75,60,120
10159,eevee-starter,1,,65,75,70,65,85,75
10160,pikachu-world-cap,13,,35,55,40,50,50,90
10161,meowth-galar,9,,50,65,55,40,40,40
10162,ponyta-galar,14,,50,85,55,65,65,90
10163,rapidash-galar,14,18,65,100,70,80,80,105
10164,slowpoke-galar,14,,90,65,65,40,40,15
10165,slowbro-galar,4,14,95,100,95,100,70,30
10166,farfetchd-galar,2,,52,95,55,58,62,55
10167,weezing-galar,4,18,65,90,120,85,70,60
10168,mr-mime-galar,15,14,50,65,65,90,90,100
10169,articuno-galar,14,3,90,85,85,125,100,95
10170,zapdos-galar,2,3,90,125,90,85,90,100
10171,moltres-galar,17,3,90,85,90,100,125,90
10172,slowking-galar,4,14,95,65,80,110,110,30
10173,corsola-galar,8,,60,55,100,65,100,30
10174,zigzagoon-galar,17,1,38,30,41,30,41,60
10175,linoone-galar,17,1,78,70,61,50,61,100
10176,darumaka-galar,15,,70,90,45,15,45,50
10177,darmanitan-galar-standard,15,,105,140,55,30,55,95
10178,darmanitan-galar-zen,15,10,105,160,55,30,55,135
10179,yamask-galar,5,8,38,55,85,30,65,30
10180,stunfisk-galar,5,9,109,81,99,66,84,32
10181,zygarde-10,16,5,54,100,71,61,85,115
10182,cramorant-gulping,3,11,70,85,55,85,95,85
10183,cramorant-gorging,3,11,70,85,55,85,95,85
10184,toxtricity-low-key,13,4,75,98,70,114,70,75
10185,eiscue-noice,15,,75,80,70,65,50,130
10186,indeedee-female,14,1,70,55,65,95,105,85
10187,morpeko-hangry,13,17,58,95,58,70,58,97
10188,zacian-crowned,18,9,92,150,115,80,115,148
10189,zamazenta-crowned,2,9,92,120,140,80,140,128
10190,eternatus-eternamax,4,16,255,115,250,125,250,130
10191,urshifu-rapid-strike,2,11,100,130,100,63,60,97
10192,zarude-dada,17,12,105,120,105,70,95,105
10193,calyrex-ice,14,15,100,165,150,85,130,50
10194,calyrex-shadow,14,8,100,85,80,165,100,150
10195,venusaur-gmax,12,4,80,82,83,100,100,80
10196,charizard-gmax,10,3,78,84,78,109,85,100
10197,blastoise-gmax,11,,79,83,100,85,105,78
10198,butterfree-gmax,7,3,60,45,50,90,80,70
10199,pikachu-gmax,13,,35,55,40,50,50,90
10200,meowth-gmax,1,,40,45,35,40,40,90
10201,machamp-gmax,2,,90,130,80,65,85,55
10202,gengar-gmax,8,4,60,65,60,130,75,110
10203,kingler-gmax,11,,55,130,115,50,50,75
10204,lapras-gmax,11,15,130,85,80,85,95,60
10205,eevee-gmax,1,,55,55,50,45,65,55
10206,snorlax-gmax,1,,160,110,65,65,110,30
10207,garbodor-gmax,4,,80,95,82,60,82,75
10208,melmetal-gmax,9,,135,143,143,80,65,34
10209,rillaboom-gmax,12,,100,125,90,60,70,85
10210,cinderace-gmax,10,,80,116,75,65,75,119
10211,inteleon-gmax,11,,70,85,65,125,65,120
10212,corviknight-gmax,3,9,98,87,105,53,85,67
10213,orbeetle-gmax,7,14,60,45,110,80,120,90
10214,drednaw-gmax,11,6,90,115,90,48,68,74
10215,coalossal-gmax,6,10,110,80,120,80,90,30
10216,flapple-gmax,12,16,70,110,80,95,60,70
10217,appletun-gmax,12,16,110,85,80,100,80,30
10218,sandaconda-gmax,5,,72,107,125,65,70,71
10219,toxtricity-amped-gmax,13,4,75,98,70,114,70,75
10220,centiskorch-gmax,10,7,100,115,65,90,90,65
10221,hatterene-gmax,14,18,57,90,95,136,103,29
10222,grimmsnarl-gmax,17,18,95,120,65,95,75,60
10223,alcremie-gmax,18,,65,60,75,110,121,64
10224,copperajah-gmax,9,,122,130,69,80,69,30
10225,duraludon-gmax,9,16,70,95,115,120,50,85
10226,urshifu-single-strike-gmax,2,17,100,130,100,63,60,97
10227,urshifu-rapid-strike-gmax,2,11,100,130,100,63,60,97
10228,toxtricity-low-key-gmax,13,4,75,98,70,114,70,75
10229,growlithe-hisui,10,6,60,75,45,65,50,55
10230,arcanine-hisui,10,6,95,115,80,95,80,90
10231,voltorb-hisui,13,12,40,30,50,55,55,100
10232,electrode-hisui,13,12,60,50,70,80,80,150
10233,typhlosion-hisui,10,8,73,84,78,119,85,95
10234,qwilfish-hisui,17,4,65,95,85,55,55,85
10235,sneasel-hisui,2,4,55,95,55,35,75,115
10236,samurott-hisui,11,17,90,108,80,100,65,85
10237,lilligant-hisui,12,2,70,105,75,50,75,105
10238,zorua-hisui,1,8,35,60,40,85,40,70
10239,zoroark-hisui,1,8,55,100,60,125,60,110
10240,braviary-hisui,14,3,110,83,70,112,70,65
10241,sliggoo-hisui,9,16,58,75,83,83,113,40
10242,goodra-hisui,9,16,80,100,100,110,150,60
10243,avalugg-hisui,15,6,95,127,184,34,36,38
10244,decidueye-hisui,12,2,88,112,80,95,95,60
10245,dialga-origin,9,16,100,100,120,150,120,90
10246,palkia-origin,11,16,90,100,100,150,120,120
10247,basculin-white-striped,11,,70,92,65,80,55,98
10248,basculegion-female,11,8,120,92,65,100,75,78
10249,enamorus-therian,18,3,74,115,110,135,100,46
10250,tauros-paldea-combat-breed,2,,75,110,105,30,70,100
10251,tauros-paldea-blaze-breed,2,10,75,110,105,30,70,100
10252,tauros-paldea-aqua-breed,2,11,75,110,105,30,70,100
10253,wooper-paldea,4,5,55,45,45,25,25,15
10254,oinkologne-female,1,,115,90,70,59,90,65
10255,dudunsparce-three-segment,1,,125,100,80,85,75,55
10256,palafin-hero,11,,100,160,97,106,87,100
10257,maushold-family-of-three,1,,74,75,70,65,75,111
10258,tatsugiri-droopy,16,11,68,50,60,120,95,82
10259,tatsugiri-stretchy,16,11,68,50,60,120,95,82
10260,squawkabilly-blue-plumage,1,3,82,96,51,45,51,92
10261,squawkabilly-yellow-plumage,1,3,82,96,51,45,51,92
10262,squawkabilly-white-plumage,1,3,82,96,51,45,51,92
10263,gimmighoul-roaming,8,,45,30,25,75,45,80
10264,koraidon-limited-build,2,16,100,135,115,85,100,135
10265,koraidon-sprinting-build,2,16,100,135,115,85,100,135
10266,koraidon-swimming-build,2,16,100,135,115,85,100,135
10267,koraidon-gliding-build,2,16,100,135,115,85,100,135
10268,miraidon-low-power-mode,13,16,100,85,100,135,115,135
10269,miraidon-drive-mode,13,16,100,85,100,135,115,135
10270,miraidon-aquatic-mode,13,16,100,85,100,135,115,135
10271,miraidon-glide-mode,13,16,100,85,100,135,115,135
10272,ursaluna-bloodmoon,5,1,113,70,120,135,65,52
10273,ogerpon-wellspring-mask,12,11,80,120,84,60,96,110
10274,ogerpon-hearthflame-mask,12,10,80,120,84,60,96,110
10275,ogerpon-cornerstone-mask,12,6,80,120,84,60,96,110
10276,terapagos-terastal,1,,95,95,110,105,110,85
10277,terapagos-stellar,1,,95,95,110,105,110,85
