id,pokemon_id,ability_id
0,1,65
1,1,34
2,2,65
3,2,34
4,3,65
5,3,34
6,4,66
7,4,94
8,5,66
9,5,94
10,6,66
11,6,94
12,7,67
13,7,44
14,8,67
15,8,44
16,9,67
17,9,44
18,10,19
19,10,50
20,11,61
21,12,14
22,12,110
23,13,19
24,13,50
25,14,61
26,15,68
27,15,97
28,16,51
29,16,77
30,16,145
31,17,51
32,17,77
33,17,145
34,18,51
35,18,77
36,18,145
37,19,50
38,19,62
39,19,55
40,20,50
41,20,62
42,20,55
43,21,51
44,21,97
45,22,51
46,22,97
47,23,22
48,23,61
49,23,127
50,24,22
51,24,61
52,24,127
53,25,9
54,25,31
55,26,9
56,26,31
57,27,8
58,27,146
59,28,8
60,28,146
61,29,38
62,29,79
63,29,55
64,30,38
65,30,79
66,30,55
67,31,38
68,31,79
69,31,125
70,32,38
71,32,79
72,32,55
73,33,38
74,33,79
75,33,55
76,34,38
77,34,79
78,34,125
79,35,56
80,35,98
81,35,132
82,36,56
83,36,98
84,36,109
85,37,18
86,37,70
87,38,18
88,38,70
89,39,56
90,39,172
91,39,132
92,40,56
93,40,172
94,40,119
95,41,39
96,41,151
97,42,39
98,42,151
99,43,34
100,43,50
101,44,34
102,44,1
103,45,34
104,45,27
105,46,27
106,46,87
107,46,6
108,47,27
109,47,87
110,47,6
111,48,14
112,48,110
113,48,50
114,49,19
115,49,110
116,49,147
117,50,8
118,50,71
119,50,159
120,51,8
121,51,71
122,51,159
123,52,53
124,52,101
125,52,127
126,53,7
127,53,101
128,53,127
129,54,6
130,54,13
131,54,33
132,55,6
133,55,13
134,55,33
135,56,72
136,56,83
137,56,128
138,57,72
139,57,83
140,57,128
141,58,22
142,58,18
143,58,154
144,59,22
145,59,18
146,59,154
147,60,11
148,60,6
149,60,33
150,61,11
151,61,6
152,61,33
153,62,11
154,62,6
155,62,33
156,63,28
157,63,39
158,63,98
159,64,28
160,64,39
161,64,98
162,65,28
163,65,39
164,65,98
165,66,62
166,66,99
167,66,80
168,67,62
169,67,99
170,67,80
171,68,62
172,68,99
173,68,80
174,69,34
175,69,82
176,70,34
177,70,82
178,71,34
179,71,82
180,72,29
181,72,64
182,72,44
183,73,29
184,73,64
185,73,44
186,74,69
187,74,5
188,74,8
189,75,69
190,75,5
191,75,8
192,76,69
193,76,5
194,76,8
195,77,50
196,77,18
197,77,49
198,78,50
199,78,18
200,78,49
201,79,12
202,79,20
203,79,144
204,80,12
205,80,20
206,80,144
207,81,42
208,81,5
209,81,148
210,82,42
211,82,5
212,82,148
213,83,51
214,83,39
215,83,128
216,84,50
217,84,48
218,84,77
219,85,50
220,85,48
221,85,77
222,86,47
223,86,93
224,86,115
225,87,47
226,87,93
227,87,115
228,88,1
229,88,60
230,88,143
231,89,1
232,89,60
233,89,143
234,90,75
235,90,92
236,90,142
237,91,75
238,91,92
239,91,142
240,92,26
241,93,26
242,94,130
243,95,69
244,95,5
245,95,133
246,96,15
247,96,108
248,96,39
249,97,15
250,97,108
251,97,39
252,98,52
253,98,75
254,98,125
255,99,52
256,99,75
257,99,125
258,100,43
259,100,9
260,100,106
261,101,43
262,101,9
263,101,106
264,102,34
265,102,139
266,103,34
267,103,139
268,104,69
269,104,31
270,104,4
271,105,69
272,105,31
273,105,4
274,106,7
275,106,120
276,106,84
277,107,51
278,107,89
279,107,39
280,108,20
281,108,12
282,108,13
283,109,26
284,109,256
285,109,1
286,110,26
287,110,256
288,110,1
289,111,31
290,111,69
291,111,120
292,112,31
293,112,69
294,112,120
295,113,30
296,113,32
297,113,131
298,114,34
299,114,102
300,114,144
301,115,48
302,115,113
303,115,39
304,116,33
305,116,97
306,116,6
307,117,38
308,117,97
309,117,6
310,118,33
311,118,41
312,118,31
313,119,33
314,119,41
315,119,31
316,120,35
317,120,30
318,120,148
319,121,35
320,121,30
321,121,148
322,122,43
323,122,111
324,122,101
325,123,68
326,123,101
327,123,80
328,124,12
329,124,108
330,124,87
331,125,9
332,125,72
333,126,49
334,126,72
335,127,52
336,127,104
337,127,153
338,128,22
339,128,83
340,128,125
341,129,33
342,129,155
343,130,22
344,130,153
345,131,11
346,131,75
347,131,93
348,132,7
349,132,150
350,133,50
351,133,91
352,133,107
353,134,11
354,134,93
355,135,10
356,135,95
357,136,18
358,136,62
359,137,36
360,137,88
361,137,148
362,138,33
363,138,75
364,138,133
365,139,33
366,139,75
367,139,133
368,140,33
369,140,4
370,140,133
371,141,33
372,141,4
373,141,133
374,142,69
375,142,46
376,142,127
377,143,17
378,143,47
379,143,82
380,144,46
381,144,81
382,145,46
383,145,9
384,146,46
385,146,49
386,147,61
387,147,63
388,148,61
389,148,63
390,149,39
391,149,136
392,150,46
393,150,127
394,151,28
395,152,65
396,152,102
397,153,65
398,153,102
399,154,65
400,154,102
401,155,66
402,155,18
403,156,66
404,156,18
405,157,66
406,157,18
407,158,67
408,158,125
409,159,67
410,159,125
411,160,67
412,160,125
413,161,50
414,161,51
415,161,119
416,162,50
417,162,51
418,162,119
419,163,15
420,163,51
421,163,110
422,164,15
423,164,51
424,164,110
425,165,68
426,165,48
427,165,155
428,166,68
429,166,48
430,166,89
431,167,68
432,167,15
433,167,97
434,168,68
435,168,15
436,168,97
437,169,39
438,169,151
439,170,10
440,170,35
441,170,11
442,171,10
443,171,35
444,171,11
445,172,9
446,172,31
447,173,56
448,173,98
449,173,132
450,174,56
451,174,172
452,174,132
453,175,55
454,175,32
455,175,105
456,176,55
457,176,32
458,176,105
459,177,28
460,177,48
461,177,156
462,178,28
463,178,48
464,178,156
465,179,9
466,179,57
467,180,9
468,180,57
469,181,9
470,181,57
471,182,34
472,182,131
473,183,47
474,183,37
475,183,157
476,184,47
477,184,37
478,184,157
479,185,5
480,185,69
481,185,155
482,186,11
483,186,6
484,186,2
485,187,34
486,187,102
487,187,151
488,188,34
489,188,102
490,188,151
491,189,34
492,189,102
493,189,151
494,190,50
495,190,53
496,190,92
497,191,34
498,191,94
499,191,48
500,192,34
501,192,94
502,192,48
503,193,3
504,193,14
505,193,119
506,194,6
507,194,11
508,194,109
509,195,6
510,195,11
511,195,109
512,196,28
513,196,156
514,197,28
515,197,39
516,198,15
517,198,105
518,198,158
519,199,12
520,199,20
521,199,144
522,200,26
523,201,26
524,202,23
525,202,140
526,203,39
527,203,48
528,203,157
529,204,5
530,204,142
531,205,5
532,205,142
533,206,32
534,206,50
535,206,155
536,207,52
537,207,8
538,207,17
539,208,69
540,208,5
541,208,125
542,209,22
543,209,50
544,209,155
545,210,22
546,210,95
547,210,155
548,211,38
549,211,33
550,211,22
551,212,68
552,212,101
553,212,135
554,213,5
555,213,82
556,213,126
557,214,68
558,214,62
559,214,153
560,215,39
561,215,51
562,215,124
563,216,53
564,216,95
565,216,118
566,217,62
567,217,95
568,217,127
569,218,40
570,218,49
571,218,133
572,219,40
573,219,49
574,219,133
575,220,12
576,220,81
577,220,47
578,221,12
579,221,81
580,221,47
581,222,55
582,222,30
583,222,144
584,223,55
585,223,97
586,223,141
587,224,21
588,224,97
589,224,141
590,225,72
591,225,55
592,225,15
593,226,33
594,226,11
595,226,41
596,227,51
597,227,5
598,227,133
599,228,48
600,228,18
601,228,127
602,229,48
603,229,18
604,229,127
605,230,33
606,230,97
607,230,6
608,231,53
609,231,8
610,232,5
611,232,8
612,233,36
613,233,88
614,233,148
615,234,22
616,234,119
617,234,157
618,235,20
619,235,101
620,235,141
621,236,62
622,236,80
623,236,72
624,237,22
625,237,101
626,237,80
627,238,12
628,238,108
629,238,93
630,239,9
631,239,72
632,240,49
633,240,72
634,241,47
635,241,113
636,241,157
637,242,30
638,242,32
639,242,131
640,243,46
641,243,39
642,244,46
643,244,39
644,245,46
645,245,39
646,246,62
647,246,8
648,247,61
649,248,45
650,248,127
651,249,46
652,249,136
653,250,46
654,250,144
655,251,30
656,252,65
657,252,84
658,253,65
659,253,84
660,254,65
661,254,84
662,255,66
663,255,3
664,256,66
665,256,3
666,257,66
667,257,3
668,258,67
669,258,6
670,259,67
671,259,6
672,260,67
673,260,6
674,261,50
675,261,95
676,261,155
677,262,22
678,262,95
679,262,153
680,263,53
681,263,82
682,263,95
683,264,53
684,264,82
685,264,95
686,265,19
687,265,50
688,266,61
689,267,68
690,267,79
691,268,61
692,269,19
693,269,14
694,270,33
695,270,44
696,270,20
697,271,33
698,271,44
699,271,20
700,272,33
701,272,44
702,272,20
703,273,34
704,273,48
705,273,124
706,274,34
707,274,48
708,274,124
709,275,34
710,275,274
711,275,124
712,276,62
713,276,113
714,277,62
715,277,113
716,278,51
717,278,93
718,278,44
719,279,51
720,279,2
721,279,44
722,280,28
723,280,36
724,280,140
725,281,28
726,281,36
727,281,140
728,282,28
729,282,36
730,282,140
731,283,33
732,283,44
733,284,22
734,284,127
735,285,27
736,285,90
737,285,95
738,286,27
739,286,90
740,286,101
741,287,54
742,288,72
743,289,54
744,290,14
745,290,50
746,291,3
747,291,151
748,292,25
749,293,43
750,293,155
751,294,43
752,294,113
753,295,43
754,295,113
755,296,47
756,296,62
757,296,125
758,297,47
759,297,62
760,297,125
761,298,47
762,298,37
763,298,157
764,299,5
765,299,42
766,299,159
767,300,56
768,300,96
769,300,147
770,301,56
771,301,96
772,301,147
773,302,51
774,302,100
775,302,158
776,303,52
777,303,22
778,303,125
779,304,5
780,304,69
781,304,134
782,305,5
783,305,69
784,305,134
785,306,5
786,306,69
787,306,134
788,307,74
789,307,140
790,308,74
791,308,140
792,309,9
793,309,31
794,309,58
795,310,9
796,310,31
797,310,58
798,311,57
799,311,31
800,312,58
801,312,10
802,313,35
803,313,68
804,313,158
805,314,12
806,314,110
807,314,158
808,315,30
809,315,38
810,315,102
811,316,64
812,316,60
813,316,82
814,317,64
815,317,60
816,317,82
817,318,24
818,318,3
819,319,24
820,319,3
821,320,41
822,320,12
823,320,46
824,321,41
825,321,12
826,321,46
827,322,12
828,322,86
829,322,20
830,323,40
831,323,116
832,323,83
833,324,73
834,324,70
835,324,75
836,325,47
837,325,20
838,325,82
839,326,47
840,326,20
841,326,82
842,327,20
843,327,77
844,327,126
845,328,52
846,328,71
847,328,125
848,329,26
849,330,26
850,331,8
851,331,11
852,332,8
853,332,11
854,333,30
855,333,13
856,334,30
857,334,13
858,335,17
859,335,137
860,336,61
861,336,151
862,337,26
863,338,26
864,339,12
865,339,107
866,339,93
867,340,12
868,340,107
869,340,93
870,341,52
871,341,75
872,341,91
873,342,52
874,342,75
875,342,91
876,343,26
877,344,26
878,345,21
879,345,114
880,346,21
881,346,114
882,347,4
883,347,33
884,348,4
885,348,33
886,349,33
887,349,12
888,349,91
889,350,63
890,350,172
891,350,56
892,351,59
893,352,16
894,352,168
895,353,15
896,353,119
897,353,130
898,354,15
899,354,119
900,354,130
901,355,26
902,355,119
903,356,46
904,356,119
905,357,34
906,357,94
907,357,139
908,358,26
909,359,46
910,359,105
911,359,154
912,360,23
913,360,140
914,361,39
915,361,115
916,361,141
917,362,39
918,362,115
919,362,141
920,363,47
921,363,115
922,363,12
923,364,47
924,364,115
925,364,12
926,365,47
927,365,115
928,365,12
929,366,75
930,366,155
931,367,33
932,367,41
933,368,33
934,368,93
935,369,33
936,369,69
937,369,5
938,370,33
939,370,93
940,371,69
941,371,125
942,372,69
943,372,142
944,373,22
945,373,153
946,374,29
947,374,135
948,375,29
949,375,135
950,376,29
951,376,135
952,377,29
953,377,5
954,378,29
955,378,115
956,379,29
957,379,135
958,380,26
959,381,26
960,382,2
961,383,70
962,384,76
963,385,32
964,386,46
965,387,65
966,387,75
967,388,65
968,388,75
969,389,65
970,389,75
971,390,66
972,390,89
973,391,66
974,391,89
975,392,66
976,392,89
977,393,67
978,393,172
979,394,67
980,394,172
981,395,67
982,395,172
983,396,51
984,396,120
985,397,22
986,397,120
987,398,22
988,398,120
989,399,86
990,399,109
991,399,141
992,400,86
993,400,109
994,400,141
995,401,61
996,401,50
997,402,68
998,402,101
999,403,79
1000,403,22
1001,403,62
1002,404,79
1003,404,22
1004,404,62
1005,405,79
1006,405,22
1007,405,62
1008,406,30
1009,406,38
1010,406,102
1011,407,30
1012,407,38
1013,407,101
1014,408,104
1015,408,125
1016,409,104
1017,409,125
1018,410,5
1019,410,43
1020,411,5
1021,411,43
1022,412,61
1023,412,142
1024,413,107
1025,413,142
1026,414,68
1027,414,110
1028,415,118
1029,415,55
1030,416,46
1031,416,127
1032,417,50
1033,417,53
1034,417,10
1035,418,33
1036,418,41
1037,419,33
1038,419,41
1039,420,34
1040,421,122
1041,422,60
1042,422,114
1043,422,159
1044,423,60
1045,423,114
1046,423,159
1047,424,101
1048,424,53
1049,424,92
1050,425,106
1051,425,84
1052,425,138
1053,426,106
1054,426,84
1055,426,138
1056,427,50
1057,427,103
1058,427,7
1059,428,56
1060,428,103
1061,428,7
1062,429,26
1063,430,15
1064,430,105
1065,430,153
1066,431,7
1067,431,20
1068,431,51
1069,432,47
1070,432,20
1071,432,128
1072,433,26
1073,434,1
1074,434,106
1075,434,51
1076,435,1
1077,435,106
1078,435,51
1079,436,26
1080,436,85
1081,436,134
1082,437,26
1083,437,85
1084,437,134
1085,438,5
1086,438,69
1087,438,155
1088,439,43
1089,439,111
1090,439,101
1091,440,30
1092,440,32
1093,440,132
1094,441,51
1095,441,77
1096,441,145
1097,442,46
1098,442,151
1099,443,8
1100,443,24
1101,444,8
1102,444,24
1103,445,8
1104,445,24
1105,446,53
1106,446,47
1107,446,82
1108,447,80
1109,447,39
1110,447,158
1111,448,80
1112,448,39
1113,448,154
1114,449,45
1115,449,159
1116,450,45
1117,450,159
1118,451,4
1119,451,97
1120,451,51
1121,452,4
1122,452,97
1123,452,51
1124,453,107
1125,453,87
1126,453,143
1127,454,107
1128,454,87
1129,454,143
1130,455,26
1131,456,33
1132,456,114
1133,456,41
1134,457,33
1135,457,114
1136,457,41
1137,458,33
1138,458,11
1139,458,41
1140,459,117
1141,459,43
1142,460,117
1143,460,43
1144,461,46
1145,461,124
1146,462,42
1147,462,5
1148,462,148
1149,463,20
1150,463,12
1151,463,13
1152,464,31
1153,464,116
1154,464,120
1155,465,34
1156,465,102
1157,465,144
1158,466,78
1159,466,72
1160,467,49
1161,467,72
1162,468,55
1163,468,32
1164,468,105
1165,469,3
1166,469,110
1167,469,119
1168,470,102
1169,470,34
1170,471,81
1171,471,115
1172,472,52
1173,472,8
1174,472,90
1175,473,12
1176,473,81
1177,473,47
1178,474,91
1179,474,88
1180,474,148
1181,475,80
1182,475,292
1183,475,154
1184,476,5
1185,476,42
1186,476,159
1187,477,46
1188,477,119
1189,478,81
1190,478,130
1191,479,26
1192,480,26
1193,481,26
1194,482,26
1195,483,46
1196,483,140
1197,484,46
1198,484,140
1199,485,18
1200,485,49
1201,486,112
1202,487,46
1203,487,140
1204,488,26
1205,489,93
1206,490,93
1207,491,123
1208,492,30
1209,493,121
1210,494,162
1211,495,65
1212,495,126
1213,496,65
1214,496,126
1215,497,65
1216,497,126
1217,498,66
1218,498,47
1219,499,66
1220,499,47
1221,500,66
1222,500,120
1223,501,67
1224,501,75
1225,502,67
1226,502,75
1227,503,67
1228,503,75
1229,504,50
1230,504,51
1231,504,148
1232,505,35
1233,505,51
1234,505,148
1235,506,72
1236,506,53
1237,506,50
1238,507,22
1239,507,146
1240,507,113
1241,508,22
1242,508,146
1243,508,113
1244,509,7
1245,509,84
1246,509,158
1247,510,7
1248,510,84
1249,510,158
1250,511,82
1251,511,65
1252,512,82
1253,512,65
1254,513,82
1255,513,66
1256,514,82
1257,514,66
1258,515,82
1259,515,67
1260,516,82
1261,516,67
1262,517,108
1263,517,28
1264,517,140
1265,518,108
1266,518,28
1267,518,140
1268,519,145
1269,519,105
1270,519,79
1271,520,145
1272,520,105
1273,520,79
1274,521,145
1275,521,105
1276,521,79
1277,522,31
1278,522,78
1279,522,157
1280,523,31
1281,523,78
1282,523,157
1283,524,5
1284,524,133
1285,524,159
1286,525,5
1287,525,133
1288,525,159
1289,526,5
1290,526,45
1291,526,159
1292,527,109
1293,527,103
1294,527,86
1295,528,109
1296,528,103
1297,528,86
1298,529,146
1299,529,159
1300,529,104
1301,530,146
1302,530,159
1303,530,104
1304,531,131
1305,531,144
1306,531,103
1307,532,62
1308,532,125
1309,532,89
1310,533,62
1311,533,125
1312,533,89
1313,534,62
1314,534,125
1315,534,89
1316,535,33
1317,535,93
1318,535,11
1319,536,33
1320,536,93
1321,536,11
1322,537,33
1323,537,143
1324,537,11
1325,538,62
1326,538,39
1327,538,104
1328,539,5
1329,539,39
1330,539,104
1331,540,68
1332,540,34
1333,540,142
1334,541,102
1335,541,34
1336,541,142
1337,542,68
1338,542,34
1339,542,142
1340,543,38
1341,543,68
1342,543,3
1343,544,38
1344,544,68
1345,544,3
1346,545,38
1347,545,68
1348,545,3
1349,546,158
1350,546,151
1351,546,34
1352,547,158
1353,547,151
1354,547,34
1355,548,34
1356,548,20
1357,548,102
1358,549,34
1359,549,20
1360,549,102
1361,550,120
1362,550,91
1363,550,104
1364,551,22
1365,551,153
1366,551,83
1367,552,22
1368,552,153
1369,552,83
1370,553,22
1371,553,153
1372,553,83
1373,554,55
1374,554,39
1375,555,125
1376,555,161
1377,556,11
1378,556,34
1379,556,114
1380,557,5
1381,557,75
1382,557,133
1383,558,5
1384,558,75
1385,558,133
1386,559,61
1387,559,153
1388,559,22
1389,560,61
1390,560,153
1391,560,22
1392,561,147
1393,561,98
1394,561,110
1395,562,152
1396,563,152
1397,564,116
1398,564,5
1399,564,33
1400,565,116
1401,565,5
1402,565,33
1403,566,129
1404,567,129
1405,568,1
1406,568,60
1407,568,106
1408,569,1
1409,569,133
1410,569,106
1411,570,149
1412,571,149
1413,572,56
1414,572,101
1415,572,92
1416,573,56
1417,573,101
1418,573,92
1419,574,119
1420,574,172
1421,574,23
1422,575,119
1423,575,172
1424,575,23
1425,576,119
1426,576,172
1427,576,23
1428,577,142
1429,577,98
1430,577,144
1431,578,142
1432,578,98
1433,578,144
1434,579,142
1435,579,98
1436,579,144
1437,580,51
1438,580,145
1439,580,93
1440,581,51
1441,581,145
1442,581,93
1443,582,115
1444,582,81
1445,582,133
1446,583,115
1447,583,81
1448,583,133
1449,584,115
1450,584,117
1451,584,133
1452,585,34
1453,585,157
1454,585,32
1455,586,34
1456,586,157
1457,586,32
1458,587,9
1459,587,78
1460,588,68
1461,588,61
1462,588,99
1463,589,68
1464,589,75
1465,589,142
1466,590,27
1467,590,144
1468,591,27
1469,591,144
1470,592,11
1471,592,130
1472,592,6
1473,593,11
1474,593,130
1475,593,6
1476,594,131
1477,594,93
1478,594,144
1479,595,14
1480,595,127
1481,595,68
1482,596,14
1483,596,127
1484,596,68
1485,597,160
1486,598,160
1487,598,107
1488,599,57
1489,599,58
1490,599,29
1491,600,57
1492,600,58
1493,600,29
1494,601,57
1495,601,58
1496,601,29
1497,602,26
1498,603,26
1499,604,26
1500,605,140
1501,605,28
1502,605,148
1503,606,140
1504,606,28
1505,606,148
1506,607,18
1507,607,49
1508,607,151
1509,608,18
1510,608,49
1511,608,151
1512,609,18
1513,609,49
1514,609,151
1515,610,79
1516,610,104
1517,610,127
1518,611,79
1519,611,104
1520,611,127
1521,612,79
1522,612,104
1523,612,127
1524,613,81
1525,613,202
1526,613,155
1527,614,81
1528,614,202
1529,614,33
1530,615,26
1531,616,93
1532,616,75
1533,616,142
1534,617,93
1535,617,60
1536,617,84
1537,618,9
1538,618,7
1539,618,8
1540,619,39
1541,619,144
1542,619,120
1543,620,39
1544,620,144
1545,620,120
1546,621,24
1547,621,125
1548,621,104
1549,622,89
1550,622,103
1551,622,99
1552,623,89
1553,623,103
1554,623,99
1555,624,128
1556,624,39
1557,624,46
1558,625,128
1559,625,39
1560,625,46
1561,626,120
1562,626,157
1563,626,43
1564,627,51
1565,627,125
1566,627,55
1567,628,51
1568,628,125
1569,628,128
1570,629,145
1571,629,142
1572,629,133
1573,630,145
1574,630,142
1575,630,133
1576,631,82
1577,631,18
1578,631,73
1579,632,68
1580,632,55
1581,632,54
1582,633,55
1583,634,55
1584,635,26
1585,636,49
1586,636,68
1587,637,49
1588,637,68
1589,638,154
1590,639,154
1591,640,154
1592,641,158
1593,641,128
1594,642,158
1595,642,128
1596,643,163
1597,644,164
1598,645,159
1599,645,125
1600,646,46
1601,647,154
1602,648,32
1603,649,88
1604,650,65
1605,650,171
1606,651,65
1607,651,171
1608,652,65
1609,652,171
1610,653,66
1611,653,170
1612,654,66
1613,654,170
1614,655,66
1615,655,170
1616,656,67
1617,656,168
1618,657,67
1619,657,168
1620,658,67
1621,658,168
1622,659,53
1623,659,167
1624,659,37
1625,660,53
1626,660,167
1627,660,37
1628,661,145
1629,661,177
1630,662,49
1631,662,177
1632,663,49
1633,663,177
1634,664,19
1635,664,14
1636,664,132
1637,665,61
1638,665,132
1639,666,19
1640,666,14
1641,666,132
1642,667,79
1643,667,127
1644,667,153
1645,668,79
1646,668,127
1647,668,153
1648,669,166
1649,669,180
1650,670,166
1651,670,180
1652,671,166
1653,671,180
1654,672,157
1655,672,179
1656,673,157
1657,673,179
1658,674,89
1659,674,104
1660,674,113
1661,675,89
1662,675,104
1663,675,113
1664,676,169
1665,677,51
1666,677,151
1667,677,20
1668,678,51
1669,678,151
1670,678,158
1671,679,99
1672,680,99
1673,681,176
1674,682,131
1675,682,165
1676,683,131
1677,683,165
1678,684,175
1679,684,84
1680,685,175
1681,685,84
1682,686,126
1683,686,21
1684,686,151
1685,687,126
1686,687,21
1687,687,151
1688,688,181
1689,688,97
1690,688,124
1691,689,181
1692,689,97
1693,689,124
1694,690,38
1695,690,143
1696,690,91
1697,691,38
1698,691,143
1699,691,91
1700,692,178
1701,693,178
1702,694,87
1703,694,8
1704,694,94
1705,695,87
1706,695,8
1707,695,94
1708,696,173
1709,696,5
1710,697,173
1711,697,69
1712,698,174
1713,698,117
1714,699,174
1715,699,117
1716,700,56
1717,700,182
1718,701,7
1719,701,84
1720,701,104
1721,702,167
1722,702,53
1723,702,57
1724,703,29
1725,703,5
1726,704,157
1727,704,93
1728,704,183
1729,705,157
1730,705,93
1731,705,183
1732,706,157
1733,706,93
1734,706,183
1735,707,158
1736,707,170
1737,708,30
1738,708,119
1739,708,139
1740,709,30
1741,709,119
1742,709,139
1743,710,53
1744,710,119
1745,710,15
1746,711,53
1747,711,119
1748,711,15
1749,712,20
1750,712,115
1751,712,5
1752,713,20
1753,713,115
1754,713,5
1755,714,119
1756,714,151
1757,714,140
1758,715,119
1759,715,151
1760,715,140
1761,716,187
1762,717,186
1763,718,188
1764,719,29
1765,720,170
1766,721,11
1767,722,65
1768,722,203
1769,723,65
1770,723,203
1771,724,65
1772,724,203
1773,725,66
1774,725,22
1775,726,66
1776,726,22
1777,727,66
1778,727,22
1779,728,67
1780,728,204
1781,729,67
1782,729,204
1783,730,67
1784,730,204
1785,731,51
1786,731,92
1787,731,53
1788,732,51
1789,732,92
1790,732,53
1791,733,51
1792,733,92
1793,733,125
1794,734,198
1795,734,173
1796,734,91
1797,735,198
1798,735,173
1799,735,91
1800,736,68
1801,737,217
1802,738,26
1803,739,52
1804,739,89
1805,739,83
1806,740,52
1807,740,89
1808,740,83
1809,741,216
1810,742,118
1811,742,19
1812,742,175
1813,743,118
1814,743,19
1815,743,175
1816,744,51
1817,744,72
1818,744,80
1819,745,51
1820,745,146
1821,745,80
1822,746,208
1823,747,196
1824,747,7
1825,747,144
1826,748,196
1827,748,7
1828,748,144
1829,749,20
1830,749,192
1831,749,39
1832,750,20
1833,750,192
1834,750,39
1835,751,199
1836,751,11
1837,752,199
1838,752,11
1839,753,102
1840,753,126
1841,754,102
1842,754,126
1843,755,35
1844,755,27
1845,755,44
1846,756,35
1847,756,27
1848,756,44
1849,757,212
1850,757,12
1851,758,212
1852,758,12
1853,759,218
1854,759,103
1855,759,56
1856,760,218
1857,760,103
1858,760,127
1859,761,102
1860,761,12
1861,761,175
1862,762,102
1863,762,12
1864,762,175
1865,763,102
1866,763,214
1867,763,175
1868,764,166
1869,764,205
1870,764,30
1871,765,39
1872,765,140
1873,765,180
1874,766,222
1875,766,128
1876,767,193
1877,768,194
1878,769,195
1879,769,8
1880,770,195
1881,770,8
1882,771,215
1883,771,109
1884,772,4
1885,773,225
1886,774,197
1887,775,213
1888,776,75
1889,777,160
1890,777,31
1891,777,5
1892,778,209
1893,779,219
1894,779,173
1895,779,147
1896,780,201
1897,780,157
1898,780,13
1899,781,200
1900,782,171
1901,782,43
1902,782,142
1903,783,171
1904,783,43
1905,783,142
1906,784,171
1907,784,43
1908,784,142
1909,785,226
1910,785,140
1911,786,227
1912,786,140
1913,787,229
1914,787,140
1915,788,228
1916,788,140
1917,789,109
1918,790,5
1919,791,230
1920,792,231
1921,793,224
1922,794,224
1923,795,224
1924,796,224
1925,797,224
1926,798,224
1927,799,224
1928,800,232
1929,801,220
1930,802,101
1931,803,224
1932,804,224
1933,805,224
1934,806,224
1935,807,10
1936,808,42
1937,809,89
1938,810,65
1939,810,229
1940,811,65
1941,811,229
1942,812,65
1943,812,229
1944,813,66
1945,813,236
1946,814,66
1947,814,236
1948,815,66
1949,815,236
1950,816,67
1951,816,97
1952,817,67
1953,817,97
1954,818,67
1955,818,97
1956,819,167
1957,819,82
1958,820,167
1959,820,82
1960,821,51
1961,821,127
1962,821,145
1963,822,51
1964,822,127
1965,822,145
1966,823,46
1967,823,127
1968,823,240
1969,824,68
1970,824,14
1971,824,140
1972,825,68
1973,825,14
1974,825,140
1975,826,68
1976,826,119
1977,826,140
1978,827,50
1979,827,84
1980,827,198
1981,828,50
1982,828,84
1983,828,198
1984,829,238
1985,829,144
1986,829,27
1987,830,238
1988,830,144
1989,830,27
1990,831,218
1991,831,50
1992,831,171
1993,832,218
1994,832,80
1995,832,171
1996,833,173
1997,833,75
1998,833,33
1999,834,173
2000,834,75
2001,834,33
2002,835,237
2003,835,155
2004,836,173
2005,836,172
2006,837,243
2007,837,85
2008,837,18
2009,838,243
2010,838,49
2011,838,18
2012,839,243
2013,839,49
2014,839,18
2015,840,247
2016,840,82
2017,840,171
2018,841,247
2019,841,82
2020,841,55
2021,842,247
2022,842,82
2023,842,47
2024,843,245
2025,843,61
2026,843,8
2027,844,245
2028,844,61
2029,844,8
2030,845,241
2031,846,33
2032,846,239
2033,847,33
2034,847,239
2035,848,155
2036,848,9
2037,848,103
2038,849,244
2039,849,57
2040,849,101
2041,850,18
2042,850,73
2043,850,49
2044,851,18
2045,851,73
2046,851,49
2047,852,7
2048,852,101
2049,853,7
2050,853,101
2051,854,133
2052,854,130
2053,855,133
2054,855,130
2055,856,131
2056,856,107
2057,856,156
2058,857,131
2059,857,107
2060,857,156
2061,858,131
2062,858,107
2063,858,156
2064,859,158
2065,859,119
2066,859,124
2067,860,158
2068,860,119
2069,860,124
2070,861,158
2071,861,119
2072,861,124
2073,862,120
2074,862,62
2075,862,128
2076,863,4
2077,863,181
2078,863,252
2079,864,133
2080,864,253
2081,865,80
2082,865,113
2083,866,77
2084,866,251
2085,866,115
2086,867,254
2087,868,175
2088,868,165
2089,869,175
2090,869,165
2091,870,4
2092,870,128
2093,871,31
2094,871,226
2095,872,19
2096,872,246
2097,873,19
2098,873,246
2099,874,249
2100,875,248
2101,876,39
2102,876,28
2103,876,227
2104,877,258
2105,878,125
2106,878,134
2107,879,125
2108,879,134
2109,880,10
2110,880,55
2111,880,146
2112,881,10
2113,881,9
2114,881,202
2115,882,11
2116,882,173
2117,882,146
2118,883,11
2119,883,115
2120,883,202
2121,884,135
2122,884,134
2123,884,242
2124,885,29
2125,885,151
2126,885,130
2127,886,29
2128,886,151
2129,886,130
2130,887,29
2131,887,151
2132,887,130
2133,888,234
2134,889,235
2135,890,46
2136,891,39
2137,892,260
2138,893,102
2139,894,262
2140,895,263
2141,896,264
2142,897,265
2143,898,127
2144,899,22
2145,899,119
2146,899,157
2147,900,68
2148,900,125
2149,900,292
2150,901,62
2151,901,171
2152,901,127
2153,902,33
2154,902,91
2155,902,104
2156,903,46
2157,903,84
2158,903,143
2159,904,38
2160,904,33
2161,904,22
2162,905,56
2163,905,126
2164,906,65
2165,906,168
2166,907,65
2167,907,168
2168,908,65
2169,908,168
2170,909,66
2171,909,109
2172,910,66
2173,910,109
2174,911,66
2175,911,109
2176,912,67
2177,912,153
2178,913,67
2179,913,153
2180,914,67
2181,914,153
2182,915,165
2183,915,82
2184,915,47
2185,916,268
2186,916,82
2187,916,47
2188,917,15
2189,917,198
2190,918,15
2191,918,198
2192,919,68
2193,919,110
2194,920,68
2195,920,110
2196,921,9
2197,921,30
2198,921,89
2199,922,10
2200,922,30
2201,922,89
2202,923,10
2203,923,30
2204,923,89
2205,924,50
2206,924,53
2207,924,20
2208,925,132
2209,925,167
2210,925,101
2211,926,20
2212,926,103
2213,927,273
2214,927,165
2215,928,48
2216,928,139
2217,929,48
2218,929,139
2219,930,269
2220,930,139
2221,931,22
2222,931,55
2223,931,62
2224,932,272
2225,932,5
2226,932,29
2227,933,272
2228,933,5
2229,933,29
2230,934,272
2231,934,5
2232,934,29
2233,935,18
2234,935,49
2235,936,18
2236,936,133
2237,937,18
2238,937,133
2239,938,20
2240,938,9
2241,938,6
2242,939,280
2243,939,9
2244,939,6
2245,940,277
2246,940,10
2247,940,172
2248,941,277
2249,941,10
2250,941,172
2251,942,22
2252,942,50
2253,942,198
2254,943,22
2255,943,275
2256,943,198
2257,944,84
2258,944,124
2259,944,158
2260,945,84
2261,945,143
2262,945,158
2263,946,274
2264,946,151
2265,947,274
2266,947,151
2267,948,298
2268,948,298
2269,949,298
2270,949,298
2271,950,271
2272,950,75
2273,950,144
2274,951,34
2275,951,15
2276,951,103
2277,952,34
2278,952,15
2279,952,141
2280,953,14
2281,953,61
2282,954,28
2283,954,140
2284,955,107
2285,955,119
2286,955,3
2287,956,290
2288,956,119
2289,956,3
2290,957,104
2291,957,20
2292,957,124
2293,958,104
2294,958,20
2295,958,124
2296,959,104
2297,959,20
2298,959,124
2299,960,183
2300,960,155
2301,960,8
2302,961,183
2303,961,155
2304,961,8
2305,962,145
2306,962,51
2307,962,276
2308,963,41
2309,963,41
2310,964,278
2311,964,278
2312,965,142
2313,965,112
2314,966,142
2315,966,111
2316,967,61
2317,967,144
2318,968,297
2319,968,8
2320,969,295
2321,969,212
2322,970,295
2323,970,212
2324,971,53
2325,971,218
2326,972,146
2327,972,218
2328,973,113
2329,973,77
2330,973,294
2331,974,47
2332,974,81
2333,974,125
2334,975,47
2335,975,202
2336,975,125
2337,976,104
2338,976,292
2339,977,109
2340,977,12
2341,977,41
2342,978,279
2343,978,114
2344,979,72
2345,979,39
2346,979,128
2347,980,38
2348,980,11
2349,980,109
2350,981,291
2351,981,296
2352,981,157
2353,982,32
2354,982,50
2355,982,155
2356,983,128
2357,983,293
2358,983,46
2359,984,281
2360,984,281
2361,985,281
2362,985,281
2363,986,281
2364,986,281
2365,987,281
2366,987,281
2367,988,281
2368,988,281
2369,989,281
2370,989,281
2371,990,282
2372,990,282
2373,991,282
2374,991,282
2375,992,282
2376,992,282
2377,993,282
2378,993,282
2379,994,282
2380,994,282
2381,995,282
2382,995,282
2383,996,270
2384,996,115
2385,997,270
2386,997,115
2387,998,270
2388,998,115
2389,999,155
2390,999,155
2391,1000,283
2392,1000,283
2393,1001,286
2394,1001,286
2395,1002,285
2396,1002,285
2397,1003,284
2398,1003,284
2399,1004,287
2400,1004,287
2401,1005,281
2402,1005,281
2403,1006,282
2404,1006,282
2405,1007,288
2406,1007,288
2407,1008,289
2408,1008,289
2409,1009,281
2410,1009,281
2411,1010,282
2412,1010,282
2413,1011,300
2414,1011,82
2415,1011,60
2416,1012,301
2417,1012,85
2418,1013,301
2419,1013,85
2420,1014,302
2421,1014,275
2422,1015,302
2423,1015,119
2424,1016,302
2425,1016,101
2426,1017,128
2427,1018,192
2428,1018,5
2429,1018,242
2430,1019,300
2431,1019,144
2432,1019,60
2433,1020,281
2434,1021,281
2435,1022,282
2436,1023,282
2437,1024,304
2438,1025,307
2439,10001,46
2440,10002,46
2441,10003,46
2442,10004,107
2443,10004,142
2444,10005,107
2445,10005,142
2446,10006,32
2447,10007,26
2448,10008,26
2449,10009,26
2450,10010,26
2451,10011,26
2452,10012,26
2453,10013,59
2454,10014,59
2455,10015,59
2456,10016,69
2457,10016,91
2458,10016,104
2459,10017,125
2460,10017,161
2461,10018,32
2462,10019,144
2463,10020,10
2464,10021,22
2465,10022,164
2466,10023,163
2467,10024,154
2468,10025,51
2469,10025,151
2470,10025,172
2471,10026,176
2472,10027,53
2473,10027,119
2474,10027,15
2475,10028,53
2476,10028,119
2477,10028,15
2478,10029,53
2479,10029,119
2480,10029,15
2481,10030,53
2482,10030,119
2483,10030,15
2484,10031,53
2485,10031,119
2486,10031,15
2487,10032,53
2488,10032,119
2489,10032,15
2490,10033,47
2491,10034,181
2492,10035,70
2493,10036,178
2494,10037,36
2495,10038,23
2496,10039,185
2497,10040,184
2498,10041,104
2499,10042,181
2500,10043,80
2501,10044,15
2502,10045,104
2503,10046,101
2504,10047,92
2505,10048,94
2506,10049,45
2507,10050,3
2508,10051,182
2509,10052,37
2510,10053,111
2511,10054,74
2512,10055,22
2513,10056,158
2514,10057,156
2515,10058,159
2516,10059,91
2517,10060,117
2518,10061,166
2519,10061,180
2520,10062,26
2521,10063,26
2522,10064,33
2523,10065,31
2524,10066,156
2525,10067,182
2526,10068,39
2527,10069,131
2528,10070,173
2529,10071,75
2530,10072,159
2531,10073,99
2532,10074,174
2533,10075,156
2534,10076,181
2535,10077,189
2536,10078,190
2537,10079,191
2538,10080,9
2539,10080,31
2540,10081,9
2541,10081,31
2542,10082,9
2543,10082,31
2544,10083,9
2545,10083,31
2546,10084,9
2547,10084,31
2548,10085,9
2549,10085,31
2550,10086,170
2551,10087,125
2552,10088,113
2553,10089,184
2554,10090,91
2555,10091,82
2556,10091,55
2557,10091,47
2558,10092,82
2559,10092,55
2560,10092,47
2561,10093,82
2562,10093,55
2563,10093,47
2564,10094,9
2565,10094,31
2566,10095,9
2567,10095,31
2568,10096,9
2569,10096,31
2570,10097,9
2571,10097,31
2572,10098,9
2573,10098,31
2574,10099,9
2575,10099,31
2576,10100,207
2577,10101,81
2578,10101,202
2579,10102,81
2580,10102,202
2581,10103,81
2582,10103,117
2583,10104,81
2584,10104,117
2585,10105,8
2586,10105,221
2587,10105,159
2588,10106,8
2589,10106,221
2590,10106,159
2591,10107,53
2592,10107,101
2593,10107,155
2594,10108,169
2595,10108,101
2596,10108,155
2597,10109,42
2598,10109,5
2599,10109,206
2600,10110,42
2601,10110,5
2602,10110,206
2603,10111,42
2604,10111,5
2605,10111,206
2606,10112,143
2607,10112,82
2608,10112,223
2609,10113,143
2610,10113,82
2611,10113,223
2612,10114,119
2613,10114,139
2614,10115,130
2615,10115,31
2616,10115,69
2617,10116,210
2618,10117,210
2619,10118,211
2620,10119,211
2621,10120,211
2622,10121,198
2623,10121,173
2624,10121,91
2625,10122,26
2626,10123,216
2627,10124,216
2628,10125,216
2629,10126,51
2630,10126,72
2631,10126,99
2632,10127,208
2633,10128,102
2634,10128,126
2635,10129,212
2636,10129,12
2637,10130,197
2638,10131,197
2639,10132,197
2640,10133,197
2641,10134,197
2642,10135,197
2643,10136,197
2644,10137,197
2645,10138,197
2646,10139,197
2647,10140,197
2648,10141,197
2649,10142,197
2650,10143,209
2651,10144,209
2652,10145,209
2653,10146,171
2654,10146,43
2655,10146,142
2656,10147,220
2657,10148,9
2658,10148,31
2659,10149,130
2660,10149,31
2661,10149,69
2662,10150,118
2663,10150,19
2664,10150,175
2665,10151,20
2666,10152,181
2667,10153,199
2668,10153,11
2669,10154,160
2670,10154,31
2671,10154,5
2672,10155,232
2673,10156,232
2674,10157,233
2675,10158,9
2676,10158,31
2677,10159,50
2678,10159,91
2679,10159,107
2680,10160,9
2681,10160,31
2682,10161,53
2683,10161,181
2684,10161,127
2685,10162,50
2686,10162,257
2687,10162,107
2688,10163,50
2689,10163,257
2690,10163,107
2691,10164,82
2692,10164,20
2693,10164,144
2694,10165,259
2695,10165,20
2696,10165,144
2697,10166,80
2698,10166,113
2699,10167,26
2700,10167,256
2701,10167,228
2702,10168,72
2703,10168,251
2704,10168,115
2705,10169,172
2706,10170,128
2707,10171,201
2708,10172,261
2709,10172,20
2710,10172,144
2711,10173,133
2712,10173,130
2713,10174,53
2714,10174,82
2715,10174,95
2716,10175,53
2717,10175,82
2718,10175,95
2719,10176,55
2720,10176,39
2721,10177,255
2722,10177,161
2723,10178,255
2724,10178,161
2725,10179,254
2726,10180,250
2727,10181,188
2728,10182,241
2729,10183,241
2730,10184,244
2731,10184,58
2732,10184,101
2733,10185,248
2734,10186,20
2735,10186,28
2736,10186,227
2737,10187,258
2738,10188,234
2739,10189,235
2740,10190,46
2741,10191,260
2742,10192,102
2743,10193,266
2744,10194,267
2745,10195,65
2746,10195,34
2747,10196,66
2748,10196,94
2749,10197,67
2750,10197,44
2751,10198,14
2752,10198,110
2753,10199,9
2754,10199,31
2755,10200,53
2756,10200,101
2757,10200,127
2758,10201,62
2759,10201,99
2760,10201,80
2761,10202,130
2762,10203,52
2763,10203,75
2764,10203,125
2765,10204,11
2766,10204,75
2767,10204,93
2768,10205,50
2769,10205,91
2770,10205,107
2771,10206,17
2772,10206,47
2773,10206,82
2774,10207,1
2775,10207,133
2776,10207,106
2777,10208,89
2778,10209,65
2779,10209,229
2780,10210,66
2781,10210,236
2782,10211,67
2783,10211,97
2784,10212,46
2785,10212,127
2786,10212,240
2787,10213,68
2788,10213,119
2789,10213,140
2790,10214,173
2791,10214,75
2792,10214,33
2793,10215,243
2794,10215,49
2795,10215,18
2796,10216,247
2797,10216,82
2798,10216,55
2799,10217,247
2800,10217,82
2801,10217,47
2802,10218,245
2803,10218,61
2804,10218,8
2805,10219,244
2806,10219,57
2807,10219,101
2808,10220,18
2809,10220,73
2810,10220,49
2811,10221,131
2812,10221,107
2813,10221,156
2814,10222,158
2815,10222,119
2816,10222,124
2817,10223,175
2818,10223,165
2819,10224,125
2820,10224,134
2821,10225,135
2822,10225,134
2823,10225,242
2824,10226,260
2825,10227,260
2826,10228,244
2827,10228,58
2828,10228,101
2829,10229,22
2830,10229,18
2831,10229,69
2832,10230,22
2833,10230,18
2834,10230,69
2835,10231,43
2836,10231,9
2837,10231,106
2838,10232,43
2839,10232,9
2840,10232,106
2841,10233,66
2842,10233,119
2843,10234,38
2844,10234,33
2845,10234,22
2846,10235,39
2847,10235,51
2848,10235,124
2849,10236,67
2850,10236,292
2851,10237,34
2852,10237,55
2853,10237,102
2854,10238,149
2855,10239,149
2856,10240,51
2857,10240,125
2858,10240,110
2859,10241,157
2860,10241,75
2861,10241,183
2862,10242,157
2863,10242,75
2864,10242,183
2865,10243,173
2866,10243,115
2867,10243,5
2868,10244,65
2869,10244,113
2870,10245,46
2871,10245,140
2872,10246,46
2873,10246,140
2874,10247,155
2875,10247,91
2876,10247,104
2877,10248,33
2878,10248,91
2879,10248,104
2880,10249,142
2881,10250,22
2882,10250,83
2883,10250,291
2884,10251,22
2885,10251,83
2886,10251,291
2887,10252,22
2888,10252,83
2889,10252,291
2890,10253,38
2891,10253,11
2892,10253,109
2893,10254,165
2894,10254,82
2895,10254,47
2896,10255,32
2897,10255,50
2898,10255,155
2899,10256,278
2900,10256,278
2901,10257,132
2902,10257,167
2903,10257,101
2904,10258,279
2905,10258,114
2906,10259,279
2907,10259,114
2908,10260,22
2909,10260,55
2910,10260,62
2911,10261,22
2912,10261,55
2913,10261,125
2914,10262,22
2915,10262,55
2916,10262,125
2917,10263,50
2918,10263,50
2919,10264,288
2920,10264,288
2921,10265,288
2922,10265,288
2923,10266,288
2924,10266,288
2925,10267,288
2926,10267,288
2927,10268,289
2928,10268,289
2929,10269,289
2930,10269,289
2931,10270,289
2932,10270,289
2933,10271,289
2934,10271,289
2935,10272,299
2936,10273,11
2937,10274,104
2938,10275,5
2939,10276,305
2940,10277,306
